customer_id,tenure_months,contract_type,internet_service,payment_method,monthly_charges,total_charges,num_support_tickets,avg_monthly_usage_gb,is_senior,has_partner,num_products,churned
CUST00779,20,one_year,dsl,mailed_check,57.43,1078.31,0,372.7,1,1,5,0
CUST00335,34,month_to_month,fiber,electronic_check,80.57,2474.16,1,260.4,0,0,5,0
CUST00272,2,month_to_month,dsl,electronic_check,47.74,92.89,1,85.4,0,0,1,1
CUST00803,38,month_to_month,fiber,bank_transfer,91.97,3409.85,1,166.0,0,0,4,1
CUST00217,6,one_year,none,mailed_check,41.67,248.94,3,0.0,0,1,2,0
CUST00409,68,month_to_month,dsl,electronic_check,53.63,4011.32,4,255.0,0,1,4,0
CUST00813,50,one_year,dsl,mailed_check,57.55,2974.28,1,152.5,1,1,3,0
CUST00095,65,month_to_month,none,credit_card,37.11,2262.91,0,0.0,0,1,4,0
CUST00488,39,one_year,fiber,electronic_check,65.0,2297.3,2,179.9,1,0,5,0
CUST00171,8,one_year,fiber,credit_card,78.28,664.15,1,127.6,0,1,4,1
CUST00025,57,two_year,fiber,mailed_check,65.0,3629.03,2,249.4,0,0,4,0
CUST00243,7,month_to_month,none,credit_card,35.05,250.87,1,0.0,0,0,5,0
CUST00543,15,month_to_month,fiber,electronic_check,68.96,1061.19,3,381.7,0,0,3,1
CUST00931,39,month_to_month,dsl,credit_card,50.66,2084.29,0,411.8,0,0,3,0
CUST00887,4,month_to_month,dsl,electronic_check,69.75,294.85,3,111.2,0,1,5,0
CUST00427,63,two_year,dsl,credit_card,53.04,3088.69,3,126.6,0,1,3,0
CUST00126,41,one_year,dsl,mailed_check,50.0,2196.44,4,190.7,0,0,4,0
CUST00454,2,two_year,dsl,mailed_check,45.0,92.36,6,199.1,0,0,5,1
CUST00651,36,month_to_month,fiber,electronic_check,74.86,2519.89,3,438.0,0,0,4,1
CUST00914,71,two_year,dsl,mailed_check,51.45,3604.54,1,353.7,0,0,5,0
CUST00169,25,month_to_month,dsl,credit_card,52.98,1314.89,1,399.4,0,1,3,0
CUST00777,31,month_to_month,none,bank_transfer,20.0,610.44,0,0.0,0,0,3,0
CUST00573,21,one_year,fiber,bank_transfer,68.37,1326.73,3,347.0,0,0,3,1
CUST00849,60,one_year,dsl,credit_card,59.8,3475.92,4,123.8,1,1,2,1
CUST00876,37,month_to_month,none,electronic_check,26.27,990.58,0,0.0,0,0,3,0
CUST00591,58,one_year,fiber,mailed_check,72.97,4099.91,3,312.3,0,1,3,0
CUST00026,47,two_year,dsl,electronic_check,56.04,2587.34,2,393.6,0,0,4,0
CUST00485,34,month_to_month,fiber,credit_card,66.79,2047.97,0,422.6,0,0,3,1
CUST00706,41,one_year,dsl,credit_card,48.88,1812.75,2,278.6,0,1,3,0
CUST00890,20,two_year,fiber,electronic_check,81.13,1507.5,3,309.7,0,0,3,0
CUST00682,10,month_to_month,none,electronic_check,29.25,270.6,5,0.0,0,0,3,1
CUST00014,55,month_to_month,dsl,electronic_check,58.19,3054.12,1,102.0,0,1,5,0
CUST00880,46,two_year,fiber,mailed_check,68.61,3247.34,1,190.6,0,0,1,0
CUST00278,57,one_year,dsl,credit_card,53.65,2792.13,0,712.2,0,1,4,0
CUST00317,53,month_to_month,fiber,electronic_check,68.75,3628.6,3,93.4,0,1,3,1
CUST00300,2,month_to_month,dsl,credit_card,45.3,87.13,3,279.8,0,0,5,1
CUST00114,34,one_year,none,mailed_check,28.05,898.64,0,,0,0,2,0
CUST00963,61,month_to_month,fiber,electronic_check,79.15,5058.7,1,161.8,0,1,3,1
CUST00570,42,month_to_month,dsl,bank_transfer,48.92,1941.85,1,277.6,0,1,1,0
CUST00061,67,month_to_month,fiber,bank_transfer,82.83,5027.54,0,253.0,0,1,3,1
CUST00714,56,month_to_month,dsl,electronic_check,59.52,3586.67,1,68.5,0,0,4,0
CUST00908,13,two_year,fiber,credit_card,75.6,974.06,0,60.0,0,0,3,0
CUST00716,58,one_year,dsl,electronic_check,48.78,2797.02,0,265.2,1,0,1,0
CUST00726,9,month_to_month,none,credit_card,24.86,203.7,1,0.0,0,1,5,0
CUST00708,42,two_year,fiber,mailed_check,79.42,3599.1,0,216.3,0,0,3,0
CUST00759,10,one_year,dsl,electronic_check,45.0,455.83,1,234.2,0,0,1,1
CUST00340,69,one_year,fiber,electronic_check,76.83,5528.75,5,178.6,0,0,5,1
CUST00734,56,two_year,none,electronic_check,24.84,1364.54,1,0.0,0,1,4,0
CUST00980,41,month_to_month,dsl,credit_card,58.59,2491.22,2,749.4,0,0,2,1
CUST00100,11,month_to_month,fiber,bank_transfer,80.86,921.11,0,294.1,0,0,1,1
CUST00961,12,month_to_month,fiber,bank_transfer,65.0,828.65,1,286.5,0,0,4,0
CUST00290,35,two_year,fiber,electronic_check,66.62,2398.89,3,211.7,0,1,1,0
CUST00975,11,month_to_month,fiber,credit_card,77.71,860.01,0,165.3,0,1,1,1
CUST00035,64,month_to_month,dsl,bank_transfer,54.08,3322.9,1,183.7,0,0,5,1
CUST00054,34,one_year,none,credit_card,45.86,1560.23,0,0.0,0,1,5,0
CUST00320,56,month_to_month,fiber,credit_card,73.57,4067.89,1,43.9,0,1,5,1
CUST00957,29,one_year,dsl,bank_transfer,51.12,1394.77,2,475.9,1,0,2,1
CUST00907,30,month_to_month,fiber,credit_card,85.25,2399.32,1,,0,1,2,1
CUST00787,3,month_to_month,fiber,bank_transfer,69.03,222.41,3,243.8,0,0,4,1
CUST00942,30,month_to_month,dsl,bank_transfer,59.55,1888.49,1,304.4,1,1,4,1
CUST00702,45,month_to_month,none,credit_card,26.47,1072.8,3,0.0,0,0,2,0
CUST00455,43,month_to_month,dsl,bank_transfer,54.3,2173.2,1,116.2,0,0,1,1
CUST00363,17,two_year,fiber,electronic_check,85.39,1431.04,1,125.0,0,0,4,1
CUST00025,57,two_year,fiber,mailed_check,65.0,3629.03,2,249.4,0,0,4,0
CUST00165,31,month_to_month,none,electronic_check,20.52,699.07,3,0.0,0,0,5,1
CUST00474,34,one_year,none,credit_card,20.28,651.98,1,0.0,0,0,2,0
CUST00378,54,two_year,none,credit_card,29.48,1440.13,3,0.0,0,1,2,0
CUST00373,30,one_year,dsl,electronic_check,45.0,1248.84,2,164.2,0,1,2,1
CUST00309,23,one_year,fiber,mailed_check,68.68,1637.94,1,465.9,0,0,2,1
CUST00846,1,month_to_month,fiber,electronic_check,67.31,68.69,2,86.9,0,0,2,1
CUST00588,8,two_year,dsl,electronic_check,49.65,379.42,2,162.8,0,0,4,0
CUST00906,52,month_to_month,fiber,electronic_check,68.07,3246.56,3,97.9,0,1,1,1
CUST00348,68,month_to_month,fiber,electronic_check,75.57,5433.54,2,323.7,0,0,5,0
CUST00690,57,month_to_month,fiber,bank_transfer,65.0,3865.38,2,368.3,0,0,4,0
CUST00109,34,one_year,fiber,electronic_check,74.67,2733.53,4,163.5,1,0,1,1
CUST00694,69,month_to_month,dsl,electronic_check,63.86,4119.39,0,433.1,0,1,1,1
CUST00257,49,month_to_month,dsl,electronic_check,49.82,2221.25,2,249.7,0,1,3,1
CUST00719,17,month_to_month,dsl,bank_transfer,61.21,1049.49,2,249.7,0,1,4,1
CUST00791,7,two_year,dsl,electronic_check,57.69,434.14,1,292.8,0,0,4,0
CUST00473,32,month_to_month,dsl,credit_card,58.16,2040.03,1,180.4,1,0,5,1
CUST00603,54,two_year,dsl,bank_transfer,47.74,2346.76,5,116.7,0,0,2,0
CUST00811,4,two_year,dsl,bank_transfer,45.0,178.14,2,256.9,0,1,1,0
CUST00930,42,month_to_month,fiber,credit_card,79.9,3199.86,3,448.9,0,0,1,1
CUST00352,4,month_to_month,dsl,mailed_check,49.62,205.72,1,359.8,1,0,4,0
CUST00542,4,month_to_month,none,credit_card,20.0,86.07,2,0.0,0,0,2,1
CUST00229,40,two_year,none,credit_card,36.89,1430.27,1,0.0,0,0,4,0
CUST00205,33,month_to_month,fiber,electronic_check,85.78,2744.61,2,150.1,0,1,4,0
CUST00625,44,two_year,dsl,electronic_check,57.05,2485.37,1,210.6,1,0,2,0
CUST00783,9,month_to_month,fiber,electronic_check,79.03,766.13,1,72.4,0,0,3,1
CUST00967,44,month_to_month,fiber,electronic_check,65.0,2775.37,1,289.1,0,0,2,0
CUST00154,22,one_year,dsl,electronic_check,56.42,1278.11,0,342.8,0,0,1,1
CUST00677,42,one_year,dsl,bank_transfer,49.97,2136.32,1,341.2,0,0,2,0
CUST00027,29,month_to_month,dsl,bank_transfer,52.14,1417.62,4,193.4,0,1,5,1
CUST00058,12,month_to_month,fiber,bank_transfer,83.85,934.04,1,254.0,1,0,5,1
CUST00047,33,one_year,dsl,bank_transfer,55.86,1910.25,5,278.8,0,1,2,0
CUST00099,46,one_year,dsl,credit_card,63.65,2679.22,0,151.4,1,0,1,1
CUST00972,31,month_to_month,fiber,bank_transfer,71.42,2323.62,0,332.6,0,0,1,0
CUST00740,65,month_to_month,none,electronic_check,38.08,2278.36,1,0.0,0,1,4,0
CUST00298,32,month_to_month,dsl,credit_card,46.6,1424.29,1,344.6,0,0,2,0
CUST00973,35,month_to_month,dsl,credit_card,70.64,2311.47,0,395.4,0,0,3,0
CUST00494,44,month_to_month,fiber,bank_transfer,71.09,3179.36,1,95.9,0,0,4,1
CUST00141,71,month_to_month,fiber,mailed_check,65.0,5019.84,3,194.0,0,1,4,0
CUST00654,58,month_to_month,fiber,bank_transfer,75.74,4721.95,2,270.8,0,1,5,1
CUST00644,35,month_to_month,dsl,electronic_check,45.21,1598.98,1,232.1,0,1,4,0
CUST00423,56,month_to_month,dsl,electronic_check,58.23,3507.65,1,357.6,0,1,3,0
CUST00260,43,one_year,fiber,electronic_check,86.38,3498.49,1,270.7,0,1,3,0
CUST00889,2,two_year,dsl,bank_transfer,51.9,99.97,2,232.8,0,1,1,0
CUST00064,70,one_year,dsl,electronic_check,45.0,,3,343.2,0,0,4,0
CUST00886,53,month_to_month,fiber,electronic_check,78.16,4082.7,3,127.2,0,1,5,1
CUST00955,57,month_to_month,fiber,credit_card,83.97,4395.58,1,242.6,0,1,3,1
CUST00730,48,month_to_month,none,credit_card,39.02,1854.68,3,0.0,0,0,2,1
CUST00510,18,one_year,fiber,electronic_check,65.0,1054.61,4,349.1,1,0,1,1
CUST00206,20,month_to_month,fiber,credit_card,89.41,1711.49,2,196.7,1,0,5,1
CUST00686,58,one_year,fiber,credit_card,73.72,4161.49,3,177.7,0,1,1,0
CUST00782,46,month_to_month,fiber,electronic_check,74.25,3179.74,3,98.5,0,1,2,1
CUST00147,3,two_year,none,credit_card,32.82,95.13,1,0.0,0,0,2,0
CUST00466,70,month_to_month,none,credit_card,20.0,1426.65,0,0.0,0,1,2,0
CUST00918,57,two_year,fiber,credit_card,75.08,4440.33,2,170.7,1,1,5,0
CUST00968,23,month_to_month,fiber,,66.78,1547.43,1,463.4,1,0,3,1
CUST00271,22,month_to_month,fiber,credit_card,90.32,1998.88,1,243.0,0,0,2,1
CUST00545,60,month_to_month,fiber,electronic_check,81.04,4968.59,2,327.7,0,1,2,1
CUST00404,70,month_to_month,none,bank_transfer,26.18,1964.49,1,0.0,1,0,1,0
CUST00111,20,one_year,fiber,mailed_check,83.63,1671.51,0,209.8,0,0,4,0
CUST00172,7,two_year,dsl,bank_transfer,59.65,386.34,0,288.6,0,1,2,0
CUST00952,22,two_year,fiber,electronic_check,75.23,1707.37,3,245.2,0,0,2,0
CUST00802,22,month_to_month,none,mailed_check,24.18,583.68,2,0.0,1,1,4,1
CUST00899,6,month_to_month,dsl,electronic_check,68.54,438.3,1,28.7,0,1,1,0
CUST00010,7,month_to_month,fiber,credit_card,67.77,476.75,1,158.1,0,1,5,0
CUST00768,35,month_to_month,fiber,credit_card,69.52,2239.97,3,161.2,0,1,4,0
CUST00206,20,month_to_month,fiber,credit_card,89.41,1711.49,2,196.7,1,0,5,1
CUST00512,54,two_year,dsl,electronic_check,49.91,2804.98,1,134.6,0,1,4,0
CUST00744,20,month_to_month,dsl,electronic_check,63.14,1257.88,1,127.1,0,0,4,0
CUST00331,40,month_to_month,fiber,electronic_check,78.56,3256.13,0,170.3,0,0,5,0
CUST00933,19,month_to_month,fiber,electronic_check,99.19,1767.29,0,88.4,0,0,4,1
CUST00358,65,two_year,dsl,mailed_check,77.4,4651.63,5,229.2,0,0,4,0
CUST00062,54,month_to_month,dsl,credit_card,50.69,3005.32,1,221.3,0,1,2,0
CUST00707,1,one_year,fiber,electronic_check,65.52,65.92,2,270.4,0,1,4,1
CUST00238,32,month_to_month,fiber,electronic_check,74.49,2386.83,4,373.1,1,0,5,1
CUST00780,62,month_to_month,fiber,electronic_check,65.9,4209.03,0,126.7,0,1,1,1
CUST00985,43,month_to_month,dsl,credit_card,50.28,2295.99,2,379.4,0,0,4,0
CUST00809,29,month_to_month,dsl,electronic_check,48.25,1429.6,0,64.1,0,0,2,1
CUST00362,65,one_year,dsl,bank_transfer,49.18,3052.8,2,352.4,0,0,1,0
CUST00587,50,two_year,fiber,mailed_check,88.61,4304.22,1,497.3,1,1,2,0
CUST00532,12,two_year,dsl,bank_transfer,56.77,640.96,3,75.3,0,1,3,0
CUST00531,44,month_to_month,fiber,credit_card,69.79,3090.28,0,89.0,0,1,2,0
CUST00110,51,two_year,none,electronic_check,38.03,1836.91,0,0.0,0,1,4,0
CUST00858,5,month_to_month,fiber,electronic_check,76.78,409.19,1,126.3,1,0,1,1
CUST00306,11,one_year,fiber,electronic_check,65.0,689.1,2,248.5,0,0,1,1
CUST00468,43,month_to_month,fiber,credit_card,75.73,3357.73,1,208.7,0,0,4,0
CUST00737,53,one_year,fiber,bank_transfer,77.85,3744.69,3,155.9,0,0,2,0
CUST00149,60,month_to_month,fiber,credit_card,65.0,3716.72,0,380.2,0,1,3,0
CUST00939,34,month_to_month,dsl,electronic_check,51.46,1698.34,1,210.6,0,0,3,1
CUST00658,46,month_to_month,fiber,electronic_check,67.3,2927.01,0,268.6,0,0,4,1
CUST00837,59,month_to_month,dsl,credit_card,45.46,2906.34,0,693.6,0,1,1,1
CUST00322,8,two_year,dsl,bank_transfer,53.86,391.76,3,230.8,1,0,1,1
CUST00486,17,two_year,dsl,credit_card,51.08,845.86,2,599.8,0,0,1,0
CUST00660,21,month_to_month,dsl,bank_transfer,53.68,1154.67,4,428.2,1,0,2,1
CUST00129,42,month_to_month,fiber,credit_card,72.56,3335.97,0,320.0,0,1,4,0
CUST00592,65,one_year,none,mailed_check,35.95,2314.67,3,0.0,1,0,5,0
CUST00559,58,month_to_month,none,electronic_check,29.6,1807.1,6,0.0,0,0,3,0
CUST00598,57,month_to_month,fiber,credit_card,68.55,3790.13,3,61.1,0,0,3,1
CUST00500,31,two_year,fiber,bank_transfer,67.15,2252.62,1,384.9,0,0,4,0
CUST00795,32,one_year,fiber,electronic_check,75.63,2544.3,0,202.8,0,0,1,0
CUST00322,8,two_year,dsl,bank_transfer,53.86,391.76,3,230.8,1,0,1,1
CUST00472,58,two_year,fiber,electronic_check,71.73,3942.26,1,301.4,0,0,1,0
CUST00595,24,month_to_month,dsl,mailed_check,52.95,1200.48,1,87.1,0,1,1,1
CUST00776,69,two_year,fiber,credit_card,79.27,5581.31,2,215.6,0,0,4,0
CUST00483,19,month_to_month,none,electronic_check,34.5,621.9,0,0.0,0,1,2,0
CUST00710,34,month_to_month,fiber,electronic_check,79.4,2758.14,0,139.1,1,1,3,1
CUST00467,12,month_to_month,dsl,electronic_check,52.21,661.99,0,171.6,0,0,3,1
CUST00135,58,two_year,dsl,mailed_check,55.32,3071.73,3,236.5,0,1,5,0
CUST00233,2,month_to_month,fiber,electronic_check,72.88,157.46,1,,0,0,4,1
CUST00160,57,two_year,dsl,bank_transfer,67.84,3635.38,0,467.7,0,1,1,0
CUST00356,72,month_to_month,dsl,electronic_check,45.0,2963.75,1,225.4,1,0,4,0
CUST00327,18,one_year,fiber,mailed_check,75.64,1387.31,1,125.8,0,1,4,0
CUST00397,4,two_year,fiber,mailed_check,85.81,355.63,2,215.7,0,0,1,0
CUST00049,49,two_year,fiber,bank_transfer,79.21,3920.69,2,155.3,0,0,3,0
CUST00075,50,month_to_month,none,electronic_check,20.0,1049.22,1,0.0,0,1,2,0
CUST00750,12,month_to_month,fiber,electronic_check,86.06,1094.73,2,389.0,0,1,5,1
CUST00800,32,month_to_month,dsl,bank_transfer,58.2,2032.84,0,160.7,0,1,5,0
CUST00839,2,two_year,dsl,bank_transfer,58.35,112.69,2,235.4,0,1,5,0
CUST00659,6,month_to_month,none,electronic_check,28.81,184.71,1,0.0,0,0,4,0
CUST00492,63,month_to_month,fiber,electronic_check,65.0,3945.16,3,383.1,0,0,3,0
CUST00345,66,month_to_month,fiber,credit_card,80.61,5216.16,2,241.3,0,1,3,0
CUST00633,32,one_year,dsl,bank_transfer,55.04,1914.88,2,,0,0,4,0
CUST00615,50,month_to_month,dsl,credit_card,62.16,3142.57,2,458.1,0,0,1,0
CUST00490,44,month_to_month,dsl,electronic_check,46.01,2075.72,1,202.0,0,0,5,1
CUST00894,71,two_year,dsl,electronic_check,66.27,4846.52,0,345.6,0,0,2,0
CUST00596,58,month_to_month,fiber,electronic_check,72.14,4174.06,2,291.5,0,0,4,0
CUST00519,35,two_year,fiber,bank_transfer,94.57,3386.23,1,52.1,1,0,5,0
CUST00098,50,month_to_month,fiber,credit_card,81.99,4090.67,4,116.4,0,1,4,0
CUST00284,36,one_year,dsl,bank_transfer,58.9,2094.28,0,314.2,0,0,4,0
CUST00681,53,one_year,dsl,electronic_check,54.4,3136.65,3,160.2,1,1,3,0
CUST00286,68,month_to_month,fiber,bank_transfer,79.54,5580.52,0,153.4,0,0,3,1
CUST00128,56,two_year,fiber,mailed_check,77.85,4016.4,2,484.6,0,1,2,0
CUST00372,48,two_year,dsl,electronic_check,58.18,2963.32,1,115.1,1,0,2,0
CUST00412,17,month_to_month,fiber,electronic_check,81.71,1372.99,2,390.5,0,1,1,1
CUST00645,56,one_year,dsl,electronic_check,51.31,2610.08,0,231.8,0,0,1,0
CUST00982,51,month_to_month,none,credit_card,28.9,1357.82,0,0.0,1,1,1,0
CUST00366,38,one_year,dsl,credit_card,53.58,1888.59,0,422.5,0,0,3,0
CUST00601,45,month_to_month,dsl,credit_card,58.52,2676.25,2,202.2,0,0,3,0
CUST00081,68,month_to_month,fiber,bank_transfer,65.0,4192.48,0,159.9,0,1,3,0
CUST00159,37,month_to_month,dsl,bank_transfer,49.81,1740.11,0,96.2,0,0,3,0
CUST00424,42,month_to_month,none,bank_transfer,32.14,1406.62,3,0.0,0,0,2,0
CUST00748,23,month_to_month,dsl,credit_card,46.58,1005.55,0,172.9,0,1,5,0
CUST00325,71,month_to_month,dsl,credit_card,60.35,4481.68,3,218.5,1,0,5,0
CUST00866,51,one_year,dsl,electronic_check,58.86,3135.99,2,161.3,1,1,3,0
CUST00781,64,month_to_month,dsl,credit_card,46.81,3046.81,3,200.8,0,1,3,1
CUST00676,53,month_to_month,fiber,electronic_check,69.78,3568.71,1,152.1,0,1,3,0
CUST00643,62,month_to_month,dsl,bank_transfer,56.57,3545.43,1,429.9,0,1,4,0
CUST00627,25,month_to_month,fiber,electronic_check,88.78,2125.43,1,183.7,0,0,2,1
CUST00732,31,month_to_month,dsl,electronic_check,49.35,1671.42,0,387.1,0,1,1,1
CUST00285,32,two_year,none,bank_transfer,34.21,1044.91,1,0.0,0,1,2,0
CUST00438,67,month_to_month,fiber,bank_transfer,72.37,5256.48,2,144.3,0,0,2,0
CUST00180,37,one_year,none,mailed_check,35.74,1371.61,1,0.0,1,1,3,0
CUST00871,33,month_to_month,fiber,bank_transfer,83.94,2910.27,0,296.1,1,1,4,1
CUST00840,66,two_year,dsl,electronic_check,58.18,3522.31,1,126.9,0,0,1,0
CUST00223,51,month_to_month,fiber,electronic_check,74.69,3712.89,0,579.0,0,0,5,0
CUST00123,48,month_to_month,dsl,mailed_check,46.71,2310.1,1,199.7,0,1,1,1
CUST00762,40,one_year,dsl,credit_card,54.07,2078.86,3,240.4,1,0,5,0
CUST00147,3,two_year,none,credit_card,32.82,95.13,1,0.0,0,0,2,0
CUST00751,70,month_to_month,none,credit_card,31.61,2396.55,1,0.0,0,0,3,0
CUST00874,9,month_to_month,none,credit_card,32.33,314.5,4,0.0,0,1,5,1
CUST00870,3,month_to_month,fiber,bank_transfer,65.0,211.12,1,306.5,0,0,1,0
CUST00448,69,month_to_month,fiber,electronic_check,86.45,6223.53,1,579.3,0,1,1,0
CUST00390,12,month_to_month,none,mailed_check,22.75,269.36,3,0.0,0,1,3,1
CUST00432,54,month_to_month,fiber,credit_card,87.48,4617.53,0,467.2,0,1,5,0
CUST00245,46,month_to_month,fiber,bank_transfer,84.52,3760.87,0,130.6,1,0,3,1
CUST00385,3,one_year,none,mailed_check,20.0,55.38,0,0.0,0,1,4,0
CUST00680,68,month_to_month,none,electronic_check,23.41,1748.27,2,0.0,1,0,4,0
CUST00221,10,month_to_month,none,electronic_check,41.74,412.76,5,0.0,0,0,3,1
CUST00450,21,month_to_month,fiber,electronic_check,79.63,1758.42,3,231.2,0,1,2,1
CUST00016,57,month_to_month,fiber,credit_card,69.3,3933.45,0,406.2,0,0,5,0
CUST00553,60,one_year,dsl,credit_card,66.84,4030.29,4,105.1,1,0,3,0
CUST00524,60,month_to_month,dsl,credit_card,65.82,3588.92,0,149.9,1,0,4,0
CUST00398,15,month_to_month,fiber,electronic_check,89.6,1313.76,1,110.9,0,0,4,0
CUST00396,63,month_to_month,fiber,bank_transfer,67.44,4012.41,0,188.1,0,0,4,0
CUST00254,24,one_year,fiber,mailed_check,65.0,1687.7,0,293.1,0,1,2,1
CUST00935,32,month_to_month,none,electronic_check,30.8,979.4,1,0.0,0,0,2,0
CUST00794,60,month_to_month,none,credit_card,39.64,2322.21,4,0.0,0,0,4,0
CUST00847,12,two_year,fiber,mailed_check,86.26,1122.32,0,271.0,0,1,2,1
CUST00361,61,month_to_month,fiber,bank_transfer,82.2,4938.97,1,317.8,0,0,1,0
CUST00169,25,month_to_month,dsl,credit_card,52.98,1314.89,1,399.4,0,1,3,0
CUST00767,45,month_to_month,fiber,bank_transfer,68.29,2889.56,0,839.8,0,1,1,1
CUST00173,56,two_year,none,credit_card,23.39,1211.46,3,0.0,1,1,1,0
CUST00687,30,month_to_month,dsl,credit_card,66.33,2087.92,0,160.2,0,0,5,0
CUST00148,17,month_to_month,fiber,electronic_check,78.77,1257.44,3,381.1,0,0,2,1
CUST00187,12,month_to_month,fiber,mailed_check,74.42,864.52,2,231.7,0,1,4,1
CUST00044,26,month_to_month,dsl,bank_transfer,45.0,1224.6,0,97.5,0,0,5,0
CUST00617,18,month_to_month,dsl,credit_card,72.91,1350.04,0,180.4,0,0,4,1
CUST00529,66,month_to_month,fiber,bank_transfer,73.05,4727.61,2,219.8,0,1,1,0
CUST00926,69,one_year,fiber,electronic_check,75.35,5048.02,1,192.8,0,1,5,1
CUST00297,62,month_to_month,fiber,credit_card,71.41,4057.22,0,102.3,0,0,2,0
CUST00604,10,two_year,fiber,bank_transfer,77.27,839.63,2,298.2,0,0,1,0
CUST00139,26,month_to_month,dsl,credit_card,67.55,1760.58,1,272.7,0,0,5,0
CUST00055,36,month_to_month,fiber,bank_transfer,75.37,2490.86,4,306.8,1,1,2,1
CUST00670,10,month_to_month,fiber,credit_card,81.93,845.26,1,128.7,0,0,3,1
CUST00052,15,month_to_month,fiber,credit_card,72.73,1124.55,3,221.9,0,0,4,1
CUST00820,72,month_to_month,fiber,mailed_check,75.07,5463.44,0,105.6,0,1,3,0
CUST00319,68,one_year,fiber,credit_card,73.14,5230.16,0,104.1,0,0,4,0
CUST00023,14,one_year,fiber,electronic_check,74.68,1037.24,0,426.3,0,1,3,1
CUST00501,9,month_to_month,none,credit_card,26.69,226.95,0,0.0,0,1,3,0
CUST00801,1,month_to_month,dsl,credit_card,52.06,50.01,2,43.5,0,1,5,1
CUST00295,40,one_year,fiber,credit_card,79.49,2909.33,2,94.3,0,0,4,0
CUST00210,57,month_to_month,fiber,electronic_check,71.58,,0,443.1,0,0,5,1
CUST00713,53,month_to_month,fiber,credit_card,73.24,4017.52,0,208.3,0,1,2,0
CUST00143,20,one_year,dsl,credit_card,54.1,1168.47,1,67.8,0,0,4,0
CUST00051,55,month_to_month,fiber,electronic_check,75.8,4016.52,2,278.2,0,1,3,0
CUST00167,24,two_year,dsl,credit_card,45.0,1018.46,1,290.2,1,0,4,0
CUST00622,35,month_to_month,fiber,electronic_check,68.3,2162.35,5,157.5,0,1,5,1
CUST00656,39,month_to_month,none,mailed_check,29.75,1057.08,4,0.0,0,1,5,0
CUST00082,32,two_year,dsl,electronic_check,66.37,2027.94,1,227.1,0,1,3,0
CUST00667,37,one_year,dsl,electronic_check,50.67,1868.54,0,333.4,0,1,3,0
CUST00984,47,month_to_month,fiber,electronic_check,65.0,2783.23,0,209.7,0,0,3,1
CUST00901,1,month_to_month,fiber,mailed_check,69.56,72.3,1,176.9,0,0,5,0
CUST00067,66,month_to_month,fiber,mailed_check,80.77,5066.68,1,300.5,0,1,4,1
CUST00733,67,month_to_month,none,electronic_check,24.13,1749.6,3,0.0,0,0,2,0
CUST00657,56,two_year,fiber,credit_card,65.0,3305.04,3,286.0,0,1,2,0
CUST00936,68,two_year,dsl,bank_transfer,45.0,2773.14,2,283.9,0,1,1,0
CUST00989,18,month_to_month,fiber,electronic_check,65.0,1075.61,3,362.8,0,1,2,1
CUST00511,72,month_to_month,fiber,electronic_check,89.33,6888.34,1,203.6,1,0,4,0
CUST00514,59,one_year,none,electronic_check,35.14,2112.86,1,0.0,0,0,1,0
CUST00065,30,month_to_month,dsl,bank_transfer,60.63,1737.0,1,293.1,0,0,2,1
CUST00735,15,month_to_month,dsl,electronic_check,60.86,903.54,1,454.2,1,1,2,1
CUST00265,72,month_to_month,fiber,bank_transfer,77.05,5033.26,1,128.4,0,1,2,0
CUST00865,61,month_to_month,dsl,bank_transfer,51.53,2872.64,0,286.8,0,1,5,0
CUST00464,31,month_to_month,dsl,electronic_check,59.73,1863.3,1,159.5,1,0,4,1
CUST00499,67,month_to_month,dsl,credit_card,55.45,4022.77,3,98.8,0,1,1,0
CUST00021,37,month_to_month,fiber,bank_transfer,88.37,3240.28,1,235.7,0,0,5,1
CUST00368,23,one_year,fiber,mailed_check,73.18,1560.81,2,366.6,0,0,2,0
CUST00769,11,two_year,fiber,electronic_check,70.52,825.66,3,306.8,0,0,3,1
CUST00697,52,month_to_month,none,bank_transfer,27.04,1266.68,2,0.0,0,1,4,0
CUST00720,44,month_to_month,dsl,bank_transfer,45.0,1883.89,5,199.9,0,1,1,1
CUST00579,65,two_year,dsl,credit_card,48.57,2876.38,0,166.2,0,0,4,0
CUST00262,13,month_to_month,fiber,electronic_check,85.94,1179.59,1,269.1,0,1,4,1
CUST00653,15,two_year,fiber,electronic_check,73.61,1099.24,1,155.5,0,1,2,1
CUST00721,11,month_to_month,fiber,mailed_check,85.21,875.85,3,272.2,0,1,2,0
CUST00807,40,one_year,fiber,electronic_check,66.97,2708.17,0,138.9,0,0,5,0
CUST00571,69,two_year,fiber,credit_card,82.87,5628.47,1,165.0,0,0,4,0
CUST00460,8,two_year,none,bank_transfer,29.25,250.77,0,0.0,0,0,4,0
CUST00823,10,month_to_month,fiber,mailed_check,72.25,698.72,2,152.3,0,1,4,1
CUST00189,18,month_to_month,dsl,electronic_check,45.0,773.34,1,164.1,1,1,5,0
CUST00252,36,month_to_month,none,credit_card,31.9,1112.4,2,0.0,0,1,1,1
CUST00072,14,one_year,none,credit_card,28.18,355.2,3,0.0,0,1,2,0
CUST00665,44,one_year,dsl,mailed_check,54.21,2545.02,1,112.3,0,0,3,0
CUST00419,22,two_year,dsl,bank_transfer,45.0,1047.89,1,186.7,0,0,2,0
CUST00337,70,one_year,fiber,credit_card,82.29,5761.0,1,410.5,0,0,3,0
CUST00329,11,one_year,dsl,bank_transfer,48.11,537.57,3,420.4,1,0,3,1
CUST00351,39,two_year,dsl,bank_transfer,67.36,2521.63,1,346.1,0,0,1,0
CUST00910,7,month_to_month,fiber,electronic_check,72.91,516.69,0,,0,0,1,1
CUST00929,31,month_to_month,fiber,credit_card,74.58,2459.07,0,306.7,0,1,4,1
CUST00987,45,month_to_month,none,credit_card,44.17,1845.09,2,0.0,1,0,1,0
CUST00376,7,one_year,fiber,mailed_check,77.42,537.93,1,141.3,0,1,2,1
CUST00558,64,month_to_month,fiber,electronic_check,84.9,5851.46,0,310.6,0,0,1,1
CUST00685,13,month_to_month,fiber,electronic_check,73.74,1003.39,2,189.1,1,0,3,1
CUST00452,67,one_year,fiber,bank_transfer,72.45,5133.32,2,226.6,0,1,5,0
CUST00810,72,two_year,dsl,electronic_check,57.27,3984.98,0,133.7,0,1,1,0
CUST00506,33,month_to_month,dsl,bank_transfer,45.0,1524.53,2,349.1,0,0,1,1
CUST00678,7,month_to_month,fiber,mailed_check,76.45,530.36,0,78.6,0,0,3,1
CUST00834,11,month_to_month,fiber,bank_transfer,87.98,937.78,1,313.3,0,0,2,1
CUST00527,67,one_year,dsl,bank_transfer,45.0,3105.92,1,253.0,0,0,4,0
CUST00481,21,one_year,dsl,electronic_check,68.31,1336.7,1,198.0,0,0,5,0
CUST00447,23,two_year,fiber,electronic_check,68.8,1577.64,1,182.7,0,1,1,0
CUST00219,33,two_year,fiber,credit_card,81.45,2836.07,0,74.3,0,1,1,0
CUST00240,46,month_to_month,fiber,credit_card,75.37,3430.13,1,121.4,0,1,3,1
CUST00753,7,month_to_month,dsl,electronic_check,57.44,394.44,3,167.1,0,0,4,1
CUST00526,23,two_year,dsl,credit_card,51.19,1241.9,2,150.3,0,0,3,1
CUST00193,44,two_year,fiber,electronic_check,65.0,2734.87,1,75.3,0,0,3,0
CUST00796,22,month_to_month,fiber,credit_card,65.0,1452.12,0,101.6,0,0,2,1
CUST00192,46,month_to_month,fiber,credit_card,79.46,3315.17,1,412.2,0,0,5,0
CUST00509,20,month_to_month,dsl,bank_transfer,45.0,828.56,2,305.8,0,1,5,1
CUST00436,9,month_to_month,fiber,bank_transfer,74.49,703.77,1,296.3,0,0,5,1
CUST00133,7,month_to_month,fiber,electronic_check,80.25,558.04,3,,1,0,1,1
CUST00557,53,month_to_month,fiber,electronic_check,80.62,4008.02,2,113.6,0,0,1,0
CUST00253,14,month_to_month,dsl,electronic_check,45.0,596.82,2,341.4,1,0,2,1
CUST00672,45,two_year,dsl,bank_transfer,59.71,2672.94,4,535.9,1,0,5,1
CUST00902,4,month_to_month,none,electronic_check,28.96,122.41,2,0.0,0,0,5,1
CUST00264,67,month_to_month,fiber,bank_transfer,86.44,5295.25,0,246.8,0,0,3,1
CUST00071,58,one_year,fiber,mailed_check,67.45,4055.5,1,116.2,0,0,3,1
CUST00273,11,month_to_month,none,electronic_check,30.03,329.18,1,0.0,0,0,4,1
CUST00508,18,month_to_month,dsl,electronic_check,60.02,1170.98,0,258.7,1,1,4,1
CUST00328,3,month_to_month,fiber,electronic_check,68.75,203.62,0,170.1,0,0,1,0
CUST00116,41,one_year,none,credit_card,35.09,1419.87,1,0.0,0,1,1,0
CUST00324,66,one_year,fiber,bank_transfer,78.76,5525.41,1,166.0,1,0,4,0
CUST00958,46,two_year,dsl,credit_card,50.52,2530.26,2,220.3,0,0,1,0
CUST00664,15,month_to_month,fiber,credit_card,82.12,1190.21,1,291.0,0,1,4,0
CUST00867,60,month_to_month,none,credit_card,20.0,1259.7,2,0.0,0,1,5,0
CUST00505,20,month_to_month,dsl,credit_card,45.0,869.9,2,267.6,0,1,1,0
CUST00621,32,month_to_month,fiber,electronic_check,78.76,2416.76,3,78.4,0,1,2,1
CUST00774,52,month_to_month,dsl,credit_card,45.0,2457.81,1,94.4,0,1,4,0
CUST00703,13,one_year,fiber,mailed_check,81.04,1090.16,0,271.0,0,1,4,0
CUST00446,48,month_to_month,fiber,credit_card,73.58,3331.31,2,499.3,0,0,3,1
CUST00620,11,two_year,fiber,mailed_check,72.46,807.14,2,334.7,0,0,2,0
CUST00752,11,one_year,dsl,bank_transfer,46.93,506.52,2,403.7,0,1,2,0
CUST00610,62,month_to_month,none,credit_card,38.09,2320.13,3,0.0,0,1,4,0
CUST00279,5,two_year,dsl,electronic_check,45.0,244.45,0,377.2,0,0,4,0
CUST00786,43,month_to_month,fiber,electronic_check,75.59,3138.48,2,219.7,0,0,1,1
CUST00868,61,one_year,dsl,electronic_check,48.68,3068.17,2,188.6,0,0,5,0
CUST00003,48,one_year,fiber,electronic_check,70.91,,1,195.9,0,1,1,0
CUST00230,13,month_to_month,dsl,bank_transfer,64.53,888.15,0,198.3,0,0,2,0
CUST00420,37,two_year,fiber,credit_card,68.35,2528.36,1,415.8,0,0,4,1
CUST00924,11,two_year,dsl,bank_transfer,57.61,640.4,4,191.7,0,1,2,0
CUST00578,38,month_to_month,fiber,bank_transfer,73.08,2834.05,0,339.5,0,0,1,1
CUST00854,18,month_to_month,fiber,bank_transfer,75.25,1315.98,1,317.8,0,0,1,1
CUST00200,70,two_year,dsl,bank_transfer,46.81,3567.75,1,318.7,1,0,5,0
CUST00951,7,one_year,none,bank_transfer,26.23,181.51,1,0.0,0,0,5,0
CUST00516,8,one_year,none,,20.0,149.39,1,0.0,0,1,1,0
CUST00066,24,month_to_month,dsl,bank_transfer,70.53,1855.23,0,88.9,0,0,3,1
CUST00956,44,two_year,none,bank_transfer,29.35,1376.63,1,0.0,1,0,2,0
CUST00041,12,month_to_month,dsl,credit_card,59.2,698.15,0,430.8,0,0,3,1
CUST00743,46,month_to_month,dsl,electronic_check,47.18,1997.93,1,119.4,0,1,5,1
CUST00515,70,month_to_month,fiber,bank_transfer,80.3,5310.21,0,220.9,1,1,3,0
CUST00421,67,two_year,fiber,electronic_check,76.27,4893.93,2,181.9,0,0,4,0
CUST00493,55,month_to_month,none,electronic_check,32.37,1913.09,2,0.0,0,0,4,0
CUST00563,36,month_to_month,fiber,electronic_check,74.68,2633.61,4,175.8,0,1,2,1
CUST00274,70,month_to_month,none,mailed_check,30.12,2287.24,1,0.0,0,0,1,1
CUST00695,7,one_year,none,bank_transfer,36.88,234.85,1,0.0,1,0,3,1
CUST00628,27,two_year,dsl,credit_card,56.37,1525.03,2,263.9,1,1,3,1
CUST00683,70,month_to_month,fiber,electronic_check,65.0,4472.75,1,168.1,0,1,4,0
CUST00758,28,month_to_month,fiber,bank_transfer,86.36,2387.91,1,175.2,0,0,3,1
CUST00178,12,two_year,fiber,credit_card,86.05,1047.94,1,134.5,0,1,1,1
CUST00301,27,month_to_month,none,mailed_check,33.42,992.15,1,0.0,0,1,5,0
CUST00038,60,month_to_month,none,electronic_check,52.52,3317.07,2,0.0,0,1,2,0
CUST00479,48,two_year,dsl,credit_card,46.26,,2,229.4,0,1,4,0
CUST00203,36,one_year,fiber,credit_card,70.62,2662.9,0,87.3,1,1,1,0
CUST00237,48,month_to_month,dsl,electronic_check,63.42,3099.18,0,291.0,0,0,4,0
CUST00150,5,one_year,none,bank_transfer,37.5,178.99,3,0.0,0,0,3,0
CUST00218,7,two_year,fiber,credit_card,75.56,531.56,1,122.5,1,1,5,0
CUST00674,7,two_year,fiber,credit_card,76.96,491.61,2,339.2,0,0,5,0
CUST00565,65,one_year,dsl,bank_transfer,74.07,5294.94,1,121.1,1,0,3,0
CUST00912,14,two_year,dsl,bank_transfer,68.42,1049.52,2,155.5,0,0,4,1
CUST00797,70,one_year,dsl,bank_transfer,73.85,5396.63,1,140.1,1,1,5,0
CUST00400,23,one_year,dsl,electronic_check,52.36,1119.92,2,344.6,0,0,1,1
CUST00303,1,month_to_month,fiber,bank_transfer,85.8,87.26,2,68.3,0,0,3,1
CUST00853,70,month_to_month,fiber,credit_card,80.13,5228.61,5,184.6,0,0,1,1
CUST00913,28,month_to_month,dsl,credit_card,53.49,1486.85,0,155.0,0,0,4,1
CUST00668,62,two_year,fiber,credit_card,79.58,5323.04,3,271.8,0,1,2,0
CUST00485,34,month_to_month,fiber,credit_card,66.79,2047.97,0,422.6,0,0,3,1
CUST00389,65,month_to_month,none,electronic_check,22.51,1502.75,2,0.0,0,0,5,0
CUST00410,2,two_year,dsl,bank_transfer,45.0,85.05,2,231.7,1,0,4,1
CUST00388,60,two_year,none,electronic_check,38.72,2296.5,1,0.0,1,1,3,0
CUST00535,42,month_to_month,fiber,credit_card,72.47,2916.67,3,274.3,0,0,5,1
CUST00391,54,month_to_month,fiber,electronic_check,78.68,4031.64,0,353.6,1,0,3,1
CUST00829,63,one_year,dsl,credit_card,66.04,3978.93,2,268.9,0,0,1,0
CUST00353,22,one_year,fiber,electronic_check,71.21,1641.86,2,254.8,0,0,5,0
CUST00194,27,one_year,none,bank_transfer,35.16,979.72,2,,0,0,1,0
CUST00236,52,month_to_month,dsl,credit_card,47.93,2414.98,0,296.5,0,1,4,0
CUST00611,61,one_year,dsl,electronic_check,53.03,3402.31,2,364.7,0,1,5,0
CUST00831,18,two_year,dsl,electronic_check,58.82,1006.02,1,250.1,1,0,4,0
CUST00056,4,month_to_month,none,bank_transfer,30.51,126.1,2,0.0,0,0,4,0
CUST00669,67,month_to_month,fiber,electronic_check,78.01,4993.35,3,102.1,0,1,1,1
CUST00097,18,month_to_month,dsl,bank_transfer,65.48,,2,201.9,0,1,3,1
CUST00142,16,one_year,fiber,,65.0,1068.83,1,172.1,0,0,2,1
CUST00696,19,month_to_month,fiber,credit_card,75.62,1348.31,1,138.0,0,1,5,0
CUST00857,18,two_year,dsl,electronic_check,48.98,910.88,1,102.0,1,0,1,0
CUST00541,52,one_year,fiber,bank_transfer,65.0,3609.8,3,262.8,0,1,4,0
CUST00568,18,month_to_month,fiber,credit_card,75.21,1261.48,0,42.4,1,0,1,1
CUST00121,32,one_year,dsl,credit_card,58.58,2033.15,2,550.0,1,1,5,0
CUST00597,42,one_year,dsl,credit_card,45.0,1757.52,2,242.5,1,0,1,0
CUST00504,63,two_year,none,bank_transfer,20.28,1228.37,2,0.0,0,0,5,0
CUST00063,27,month_to_month,fiber,mailed_check,74.7,2014.27,2,198.8,0,0,4,0
CUST00757,54,month_to_month,dsl,electronic_check,51.96,2585.69,1,138.8,0,0,2,1
CUST00443,10,month_to_month,fiber,credit_card,66.0,710.13,1,269.5,0,1,4,1
CUST00415,2,month_to_month,dsl,,49.01,97.65,1,438.9,0,0,5,0
CUST00004,32,month_to_month,none,mailed_check,21.41,735.06,0,0.0,0,1,4,0
CUST00059,54,two_year,dsl,electronic_check,52.37,2752.25,2,387.3,0,0,5,0
CUST00224,15,one_year,none,mailed_check,35.16,488.78,1,0.0,1,0,2,0
CUST00614,28,two_year,dsl,bank_transfer,57.03,1754.87,4,211.8,0,0,3,0
CUST00102,15,one_year,dsl,bank_transfer,55.72,,0,137.8,0,1,4,0
CUST00718,36,one_year,none,bank_transfer,27.19,1028.43,2,0.0,0,0,3,0
CUST00222,33,one_year,dsl,credit_card,61.29,1958.78,3,112.1,0,0,3,0
CUST00456,40,month_to_month,dsl,bank_transfer,57.37,2232.29,0,160.6,0,1,3,0
CUST00005,32,month_to_month,fiber,credit_card,65.0,1988.56,3,188.1,0,1,2,1
CUST00053,27,month_to_month,fiber,credit_card,90.4,2431.76,2,238.1,0,1,5,0
CUST00018,10,month_to_month,fiber,electronic_check,65.0,696.31,0,257.8,0,0,4,1
CUST00911,56,month_to_month,none,bank_transfer,24.72,1353.22,1,0.0,0,0,4,0
CUST00983,40,two_year,fiber,credit_card,80.89,3390.87,4,417.9,0,0,4,0
CUST00307,22,month_to_month,dsl,electronic_check,45.0,1039.42,1,,0,0,1,1
CUST00661,13,month_to_month,none,credit_card,25.47,335.28,1,0.0,0,1,5,0
CUST00156,48,month_to_month,fiber,,73.77,3427.91,2,256.8,1,0,2,1
CUST00819,48,month_to_month,fiber,mailed_check,72.94,3215.82,0,173.5,0,1,4,0
CUST00675,45,month_to_month,dsl,electronic_check,63.51,2574.28,1,273.0,1,1,2,0
CUST00249,57,month_to_month,dsl,mailed_check,45.0,2518.85,0,116.3,0,0,3,0
CUST00250,3,month_to_month,none,electronic_check,27.89,80.6,1,0.0,0,1,4,1
CUST00359,7,two_year,none,credit_card,27.07,176.45,3,0.0,1,0,4,0
CUST00772,72,month_to_month,none,electronic_check,38.42,2632.42,2,0.0,1,1,4,1
CUST00431,7,month_to_month,dsl,bank_transfer,56.47,392.57,2,71.1,0,0,4,1
CUST00442,22,two_year,fiber,electronic_check,76.88,1615.51,2,237.6,1,0,1,1
CUST00882,62,one_year,dsl,bank_transfer,64.26,3699.01,1,322.0,1,0,5,0
CUST00843,66,one_year,dsl,electronic_check,62.24,3730.87,1,304.0,0,0,4,0
CUST00031,33,month_to_month,dsl,electronic_check,62.56,2070.97,3,252.2,0,0,5,0
CUST00282,36,one_year,none,credit_card,20.0,780.76,2,0.0,0,0,3,0
CUST00673,46,month_to_month,dsl,bank_transfer,54.21,2352.68,2,206.6,0,0,2,0
CUST00960,30,month_to_month,fiber,electronic_check,67.85,1884.53,2,166.0,1,0,3,1
CUST00118,11,two_year,fiber,bank_transfer,76.29,810.9,0,177.7,0,1,4,0
CUST00898,4,month_to_month,dsl,credit_card,51.72,,1,188.0,0,1,5,0
CUST00117,3,one_year,dsl,credit_card,45.48,127.76,0,217.5,0,1,5,0
CUST00581,7,month_to_month,none,mailed_check,21.64,141.22,3,0.0,0,1,3,1
CUST00663,3,month_to_month,none,electronic_check,30.49,99.33,1,0.0,0,0,1,1
CUST00292,20,two_year,fiber,mailed_check,69.5,1252.22,3,374.1,0,0,3,0
CUST00028,60,month_to_month,fiber,credit_card,66.15,4172.46,2,209.6,0,1,4,1
CUST00382,68,month_to_month,none,bank_transfer,37.42,2428.24,1,0.0,0,1,5,0
CUST00308,40,two_year,dsl,bank_transfer,65.26,2420.8,2,592.0,0,0,4,0
CUST00626,17,one_year,fiber,credit_card,80.5,1276.73,1,515.5,0,1,4,1
CUST00593,18,one_year,dsl,electronic_check,61.2,1102.86,1,,1,0,2,1
CUST00201,27,month_to_month,dsl,bank_transfer,56.63,1390.35,1,343.9,0,0,1,1
CUST00569,47,one_year,none,mailed_check,20.0,1030.29,1,0.0,0,1,3,0
CUST00386,9,month_to_month,dsl,mailed_check,58.36,,3,206.8,1,1,1,1
CUST00864,56,one_year,dsl,electronic_check,52.86,2840.64,6,103.4,0,1,4,0
CUST00659,6,month_to_month,none,electronic_check,28.81,184.71,1,0.0,0,0,4,0
CUST00900,45,two_year,dsl,bank_transfer,49.29,2093.45,1,231.8,0,0,2,0
CUST00793,53,month_to_month,dsl,credit_card,48.71,2767.36,1,212.5,0,1,4,0
CUST00724,9,one_year,dsl,electronic_check,59.47,499.92,3,402.5,0,0,1,1
CUST00315,18,two_year,fiber,mailed_check,67.87,1143.83,3,347.4,0,0,2,0
CUST00893,38,month_to_month,fiber,bank_transfer,67.33,2608.35,6,503.5,1,1,2,1
CUST00281,20,two_year,dsl,credit_card,46.2,924.69,2,312.4,0,0,4,0
CUST00946,9,month_to_month,none,credit_card,42.23,414.33,0,0.0,0,1,4,0
CUST00755,40,two_year,fiber,mailed_check,102.63,4209.41,2,130.3,0,0,1,0
CUST00354,32,month_to_month,fiber,credit_card,65.0,2010.2,1,247.8,1,0,5,1
CUST00642,66,month_to_month,dsl,electronic_check,53.65,3492.5,1,80.1,1,1,5,0
CUST00208,70,month_to_month,dsl,electronic_check,51.99,3898.84,1,303.4,0,0,1,0
CUST00380,19,one_year,fiber,credit_card,82.4,1567.29,0,244.4,0,1,1,0
CUST00879,40,two_year,none,electronic_check,26.18,1114.03,2,0.0,0,0,3,1
CUST00413,21,month_to_month,dsl,credit_card,54.6,1093.56,2,333.7,0,1,5,1
CUST00790,1,two_year,none,electronic_check,33.28,36.32,0,,0,0,5,0
CUST00024,67,month_to_month,dsl,credit_card,45.0,2792.28,2,290.0,1,1,3,0
CUST00341,46,one_year,dsl,bank_transfer,60.06,2638.24,3,282.4,0,0,1,0
CUST00692,58,month_to_month,fiber,electronic_check,71.83,4447.11,3,191.0,0,0,1,1
CUST00636,50,two_year,dsl,electronic_check,45.0,2295.66,0,264.9,0,0,2,0
CUST00155,32,month_to_month,fiber,electronic_check,77.82,2267.63,3,235.5,0,1,3,1
CUST00855,21,month_to_month,dsl,electronic_check,48.21,1068.21,2,542.9,0,0,2,1
CUST00554,23,two_year,fiber,bank_transfer,75.92,1786.32,2,89.4,0,0,4,0
CUST00725,57,month_to_month,dsl,credit_card,59.47,3064.18,1,188.0,0,0,4,0
CUST00729,36,one_year,fiber,bank_transfer,70.13,2309.16,2,204.4,0,1,5,0
CUST00784,9,two_year,fiber,bank_transfer,83.49,731.64,2,238.9,0,1,1,1
CUST00323,45,month_to_month,fiber,mailed_check,72.77,3250.18,1,187.5,0,1,5,1
CUST00771,47,two_year,fiber,bank_transfer,85.71,3675.6,0,326.5,1,1,5,0
CUST00599,46,month_to_month,dsl,bank_transfer,50.02,2400.92,2,85.8,1,1,1,0
CUST00583,8,month_to_month,none,electronic_check,21.72,161.42,0,0.0,0,0,4,0
CUST00566,18,two_year,none,mailed_check,29.47,501.78,1,0.0,0,1,4,0
CUST00263,22,two_year,fiber,bank_transfer,75.41,1587.99,3,238.0,1,0,5,0
CUST00458,46,month_to_month,fiber,bank_transfer,75.69,3573.43,4,241.5,0,0,3,1
CUST00083,12,one_year,dsl,electronic_check,62.49,796.9,5,112.3,0,1,3,1
CUST00564,14,month_to_month,dsl,electronic_check,49.18,653.51,0,286.1,0,1,1,1
CUST00408,11,month_to_month,fiber,bank_transfer,65.0,699.82,2,302.9,1,0,3,1
CUST00453,36,two_year,fiber,bank_transfer,73.64,2518.97,2,362.2,0,0,2,0
CUST00465,1,month_to_month,none,electronic_check,24.06,25.51,1,0.0,0,0,3,1
CUST00962,30,month_to_month,dsl,electronic_check,58.26,1859.21,1,181.1,0,1,4,1
CUST00548,43,one_year,dsl,mailed_check,58.17,2547.34,1,191.1,0,1,5,0
CUST00039,20,one_year,fiber,electronic_check,78.0,1480.52,0,160.1,0,1,3,0
CUST00418,9,two_year,none,bank_transfer,37.86,367.24,1,0.0,0,0,2,0
CUST00164,30,one_year,none,credit_card,24.06,689.02,1,0.0,0,1,4,0
CUST00334,60,two_year,fiber,electronic_check,75.37,4457.11,0,141.6,1,1,3,0
CUST00011,38,one_year,fiber,mailed_check,72.92,2965.17,2,58.7,0,1,1,0
CUST00471,54,month_to_month,none,mailed_check,30.08,1702.88,2,0.0,1,0,1,0
CUST00033,7,two_year,none,credit_card,39.83,257.73,3,0.0,0,0,5,0
CUST00572,30,month_to_month,none,mailed_check,24.97,757.87,0,0.0,0,1,2,1
CUST00872,15,month_to_month,fiber,credit_card,87.09,1347.57,1,465.5,1,0,5,1
CUST00383,69,month_to_month,dsl,mailed_check,61.0,4440.66,2,195.0,0,0,3,0
CUST00602,57,month_to_month,fiber,electronic_check,84.57,,2,287.8,0,1,2,1
CUST00552,29,month_to_month,none,electronic_check,30.54,805.32,0,0.0,1,1,4,0
CUST00909,27,month_to_month,dsl,bank_transfer,58.61,1718.62,3,461.6,0,0,1,1
CUST00904,64,one_year,fiber,mailed_check,71.47,4334.39,0,348.0,0,0,5,0
CUST00379,28,month_to_month,fiber,electronic_check,84.36,2257.54,2,256.0,0,1,4,1
CUST00090,60,two_year,dsl,bank_transfer,45.0,2593.86,3,196.1,0,1,1,0
CUST00214,33,month_to_month,none,,37.75,1220.82,1,0.0,0,0,2,0
CUST00947,71,month_to_month,fiber,electronic_check,83.17,6279.91,2,305.4,1,0,1,0
CUST00134,41,one_year,none,bank_transfer,24.18,956.31,2,0.0,0,0,1,0
CUST00347,72,one_year,none,bank_transfer,27.0,1910.56,2,0.0,0,0,2,0
CUST00008,51,two_year,fiber,electronic_check,79.67,3891.21,3,368.6,0,0,5,0
CUST00766,57,month_to_month,fiber,credit_card,78.01,4454.92,0,202.2,0,1,4,0
CUST00321,24,two_year,fiber,bank_transfer,79.78,1803.18,0,498.0,0,1,1,0
CUST00778,9,month_to_month,fiber,electronic_check,73.2,649.13,1,273.5,0,1,5,1
CUST00188,28,month_to_month,fiber,mailed_check,70.13,2110.87,2,154.6,0,0,2,1
CUST00305,40,one_year,dsl,electronic_check,54.32,2332.73,1,194.0,0,0,1,1
CUST00032,17,two_year,dsl,credit_card,56.09,1025.51,1,199.4,0,0,4,0
CUST00715,67,month_to_month,fiber,electronic_check,76.37,5602.09,2,350.4,0,0,5,0
CUST00241,11,one_year,dsl,electronic_check,47.59,528.0,2,265.1,1,0,3,1
CUST00723,61,one_year,fiber,electronic_check,75.24,4552.17,3,474.8,0,1,1,1
CUST00175,51,month_to_month,dsl,credit_card,55.91,3062.47,0,419.5,1,1,2,0
CUST00246,7,month_to_month,none,bank_transfer,24.78,184.02,3,0.0,0,1,1,1
CUST00057,40,month_to_month,dsl,bank_transfer,52.01,2232.56,0,553.7,0,1,1,1
CUST00747,39,month_to_month,fiber,credit_card,74.43,2615.08,0,379.7,1,1,5,1
CUST00146,62,one_year,fiber,credit_card,85.46,5668.85,1,77.0,0,0,3,1
CUST00091,32,one_year,dsl,mailed_check,53.22,1831.23,3,164.9,0,0,3,0
CUST00393,27,month_to_month,dsl,bank_transfer,45.0,1235.53,1,224.1,0,0,1,0
CUST00311,48,month_to_month,dsl,bank_transfer,53.67,2327.21,1,209.1,0,1,2,0
CUST00360,54,month_to_month,dsl,bank_transfer,45.0,2614.16,4,257.5,1,0,1,1
CUST00094,28,month_to_month,none,bank_transfer,26.01,779.07,1,0.0,0,1,5,0
CUST00830,3,month_to_month,fiber,bank_transfer,84.68,250.25,0,200.6,0,0,1,1
CUST00895,54,month_to_month,fiber,mailed_check,65.0,,3,200.0,0,1,4,1
CUST00377,54,month_to_month,none,mailed_check,34.72,1923.72,0,0.0,1,0,4,0
CUST00244,47,month_to_month,dsl,electronic_check,60.81,2612.37,0,114.5,0,1,3,1
CUST00816,61,month_to_month,none,mailed_check,34.32,2299.27,3,0.0,0,0,2,0
CUST00088,23,month_to_month,fiber,bank_transfer,65.0,1511.07,0,469.3,0,0,3,1
CUST00215,54,month_to_month,fiber,bank_transfer,94.34,5266.13,0,301.2,0,0,3,0
CUST00970,3,one_year,fiber,credit_card,81.75,221.01,0,311.9,0,0,4,1
CUST00174,53,month_to_month,fiber,bank_transfer,80.74,4207.96,1,117.4,0,0,1,1
CUST00426,15,month_to_month,dsl,mailed_check,50.79,819.66,1,234.6,0,0,2,0
CUST00770,28,one_year,none,electronic_check,32.89,917.11,0,0.0,0,0,2,0
CUST00119,18,two_year,none,,43.18,761.29,4,0.0,0,0,5,0
CUST00120,9,month_to_month,dsl,electronic_check,53.55,493.81,1,307.2,0,0,2,0
CUST00903,16,two_year,dsl,credit_card,58.31,874.92,1,301.9,0,1,2,0
CUST00001,7,month_to_month,dsl,electronic_check,51.0,366.7,0,289.3,0,1,1,1
CUST00395,52,one_year,fiber,electronic_check,65.0,3416.79,1,114.3,0,1,5,1
CUST00402,56,month_to_month,dsl,electronic_check,69.25,3957.63,2,231.2,1,0,2,0
CUST00405,36,month_to_month,fiber,electronic_check,87.39,3363.4,3,450.7,0,0,4,0
CUST00612,34,month_to_month,dsl,electronic_check,49.8,1640.26,0,414.6,1,1,5,1
CUST00619,5,two_year,none,credit_card,27.54,147.66,0,0.0,0,0,3,0
CUST00163,30,month_to_month,fiber,electronic_check,79.55,2166.45,1,264.6,0,1,5,1
CUST00115,37,month_to_month,dsl,mailed_check,65.58,2658.45,1,175.8,0,1,3,1
CUST00151,62,two_year,fiber,mailed_check,72.32,4436.49,1,90.9,0,0,1,0
CUST00937,12,one_year,dsl,electronic_check,55.93,732.9,1,148.4,0,0,1,1
CUST00806,57,month_to_month,none,bank_transfer,34.61,,2,0.0,1,0,5,0
CUST00860,58,two_year,fiber,mailed_check,76.72,4307.09,0,141.7,0,0,3,0
CUST00369,2,one_year,fiber,electronic_check,71.03,149.89,0,121.6,0,1,4,1
CUST00544,13,month_to_month,fiber,electronic_check,66.55,888.51,1,182.3,0,0,2,1
CUST00478,2,month_to_month,fiber,,65.0,126.38,0,224.2,0,1,3,1
CUST00533,12,month_to_month,dsl,electronic_check,58.16,729.5,3,112.4,1,1,1,1
CUST00976,17,two_year,none,bank_transfer,27.04,430.1,1,0.0,0,1,2,0
CUST00586,67,month_to_month,none,bank_transfer,31.88,2188.75,0,0.0,0,1,5,0
CUST00948,10,month_to_month,fiber,bank_transfer,79.62,864.33,1,454.2,0,1,3,1
CUST00259,13,month_to_month,none,electronic_check,20.0,267.19,5,0.0,0,0,2,1
CUST00838,15,month_to_month,fiber,bank_transfer,69.49,1022.94,1,349.5,0,1,3,1
CUST00136,22,two_year,dsl,credit_card,52.5,,1,688.2,0,0,2,0
CUST00917,40,two_year,fiber,bank_transfer,70.24,2711.65,1,379.2,0,0,2,1
CUST00631,54,one_year,none,bank_transfer,37.74,,1,0.0,0,0,1,0
CUST00792,33,month_to_month,fiber,electronic_check,65.0,2284.52,1,128.5,0,1,3,1
CUST00502,47,one_year,dsl,bank_transfer,52.9,2392.19,3,159.4,0,1,1,1
CUST00539,39,two_year,dsl,bank_transfer,62.11,2391.98,1,182.2,0,0,1,0
CUST00650,62,month_to_month,fiber,electronic_check,92.59,5510.55,2,180.1,0,1,1,1
CUST00582,61,month_to_month,fiber,bank_transfer,70.06,4104.47,3,121.4,0,0,3,1
CUST00344,38,month_to_month,none,mailed_check,24.11,899.92,1,0.0,1,1,2,0
CUST00884,12,one_year,fiber,bank_transfer,65.0,839.98,1,235.3,0,0,2,0
CUST00832,18,month_to_month,dsl,electronic_check,68.75,1199.62,0,288.0,1,1,2,0
CUST00294,24,one_year,dsl,credit_card,49.93,1079.94,3,95.4,0,1,5,0
CUST00365,9,month_to_month,fiber,electronic_check,69.95,604.55,2,311.9,1,0,1,1
CUST00624,31,month_to_month,dsl,electronic_check,57.89,1911.41,0,196.9,0,0,4,1
CUST00015,52,month_to_month,fiber,bank_transfer,81.6,4122.35,2,150.0,0,1,4,1
CUST00087,8,month_to_month,fiber,bank_transfer,79.4,576.4,2,178.5,1,1,5,1
CUST00371,25,two_year,none,bank_transfer,20.0,523.14,3,0.0,0,0,2,1
CUST00166,59,month_to_month,dsl,bank_transfer,63.27,4045.3,1,337.7,0,1,5,0
CUST00873,9,month_to_month,fiber,bank_transfer,72.04,667.93,2,251.5,0,1,3,0
CUST00336,59,one_year,none,electronic_check,37.48,2094.73,2,0.0,0,0,5,0
CUST00060,50,month_to_month,fiber,credit_card,71.63,3258.21,2,101.1,0,0,5,1
CUST00355,70,two_year,fiber,bank_transfer,68.94,5140.97,3,213.8,0,1,1,0
CUST00425,31,one_year,none,mailed_check,27.56,866.69,0,0.0,0,0,4,0
CUST00293,69,month_to_month,fiber,bank_transfer,75.64,5163.4,1,291.7,0,1,5,0
CUST00042,55,month_to_month,fiber,electronic_check,90.02,5221.81,0,291.1,0,1,4,0
CUST00330,40,two_year,none,electronic_check,36.15,1451.06,1,0.0,0,0,2,0
CUST00430,52,month_to_month,dsl,mailed_check,54.5,2618.94,0,67.9,0,0,1,1
CUST00080,49,two_year,fiber,electronic_check,85.9,4621.71,1,139.2,1,1,3,1
CUST00029,40,one_year,fiber,credit_card,75.52,2912.9,1,662.7,0,1,5,0
CUST00255,48,two_year,fiber,credit_card,88.32,4447.89,3,151.4,0,1,5,0
CUST00745,58,month_to_month,fiber,electronic_check,68.87,3948.35,0,499.1,0,0,5,1
CUST00459,61,month_to_month,dsl,credit_card,45.0,2573.64,1,144.7,0,1,3,0
CUST00384,18,one_year,fiber,bank_transfer,71.48,1328.38,1,,0,1,4,0
CUST00314,21,month_to_month,fiber,credit_card,74.6,1508.9,1,159.3,0,1,2,1
CUST00085,46,month_to_month,fiber,electronic_check,72.57,3445.43,2,96.3,0,1,4,1
CUST00575,1,month_to_month,dsl,electronic_check,65.72,62.76,1,277.3,0,0,2,1
CUST00137,44,two_year,fiber,credit_card,65.0,2888.21,1,159.4,0,0,1,0
CUST00112,57,two_year,dsl,electronic_check,53.15,3168.8,3,317.3,0,1,2,0
CUST00195,70,month_to_month,fiber,mailed_check,91.44,5942.86,0,138.2,0,0,3,0
CUST00179,65,one_year,dsl,bank_transfer,68.41,4140.43,3,425.6,0,0,5,0
CUST00877,39,two_year,dsl,electronic_check,61.94,2375.4,3,79.6,0,1,5,0
CUST00497,9,one_year,fiber,bank_transfer,84.89,719.43,3,196.1,0,1,2,1
CUST00130,46,two_year,none,electronic_check,33.57,1656.68,4,0.0,0,0,5,0
CUST00338,23,month_to_month,fiber,,74.19,1720.22,1,145.4,0,0,3,0
CUST00609,70,two_year,dsl,credit_card,49.57,3324.49,2,94.0,0,0,1,0
CUST00125,62,month_to_month,fiber,credit_card,65.0,3886.39,3,228.8,0,1,5,1
CUST00949,69,month_to_month,dsl,mailed_check,48.16,3390.17,0,527.8,0,0,1,0
CUST00227,59,month_to_month,fiber,bank_transfer,71.29,4145.45,0,184.6,0,0,2,0
CUST00269,45,month_to_month,none,credit_card,32.78,1360.28,1,0.0,0,1,3,0
CUST00965,69,month_to_month,fiber,bank_transfer,65.82,4333.16,3,114.0,1,1,3,1
CUST00988,23,one_year,fiber,electronic_check,82.01,1893.16,4,386.5,1,1,4,0
CUST00104,1,two_year,dsl,electronic_check,45.3,,0,221.7,0,1,2,0
CUST00594,71,month_to_month,dsl,bank_transfer,57.62,4487.29,3,135.0,0,1,3,0
CUST00844,3,two_year,fiber,electronic_check,84.3,234.96,0,70.9,0,0,3,0
CUST00652,47,one_year,dsl,bank_transfer,49.45,2193.77,0,176.7,0,1,1,0
CUST00228,42,month_to_month,none,mailed_check,20.0,784.12,4,0.0,0,1,3,1
CUST00875,51,month_to_month,dsl,mailed_check,63.95,3540.83,0,506.0,0,1,3,0
CUST00302,60,month_to_month,dsl,bank_transfer,76.01,4940.32,0,310.2,0,1,2,0
CUST00276,35,month_to_month,dsl,electronic_check,51.56,1773.97,0,183.0,0,1,4,1
CUST00127,6,month_to_month,fiber,,83.61,473.35,4,455.8,0,1,4,1
CUST00406,37,month_to_month,dsl,electronic_check,52.0,1773.56,2,213.9,0,1,3,0
CUST00881,7,month_to_month,fiber,mailed_check,77.74,498.17,0,178.3,0,0,4,1
CUST00037,62,one_year,fiber,mailed_check,67.17,3996.74,2,202.1,0,1,4,0
CUST00140,32,month_to_month,fiber,electronic_check,78.08,2356.32,1,260.6,1,0,3,1
CUST00304,65,one_year,none,electronic_check,35.75,2540.76,0,0.0,0,1,3,0
CUST00268,25,month_to_month,none,electronic_check,34.99,939.29,0,0.0,1,0,5,1
CUST00534,21,one_year,fiber,electronic_check,77.58,1530.44,1,236.1,0,1,5,1
CUST00546,4,month_to_month,dsl,mailed_check,57.81,228.23,3,182.1,0,0,2,1
CUST00213,57,one_year,fiber,bank_transfer,86.17,5259.96,0,206.3,0,0,3,0
CUST00469,14,month_to_month,none,electronic_check,20.0,290.7,1,0.0,0,0,5,1
CUST00199,25,month_to_month,dsl,mailed_check,71.26,1914.98,1,115.4,0,0,2,0
CUST00528,11,two_year,dsl,electronic_check,45.0,514.99,1,235.5,0,0,5,0
CUST00916,34,two_year,fiber,electronic_check,69.22,2265.07,2,170.9,0,0,5,0
CUST00242,43,month_to_month,dsl,bank_transfer,64.82,2657.56,1,282.2,0,0,2,0
CUST00343,45,two_year,fiber,bank_transfer,76.98,3605.46,2,381.8,0,1,3,1
CUST00550,50,month_to_month,dsl,electronic_check,64.6,2911.82,1,515.1,0,0,5,1
CUST00387,5,one_year,fiber,,79.37,376.04,0,151.7,0,1,5,1
CUST00850,44,two_year,fiber,bank_transfer,76.63,3550.99,0,196.8,0,1,4,0
CUST00207,56,month_to_month,none,credit_card,33.59,1863.39,2,0.0,0,1,2,0
CUST00296,38,month_to_month,dsl,electronic_check,56.09,2101.84,3,166.7,0,0,3,0
CUST00851,71,one_year,fiber,credit_card,76.81,5718.08,1,365.8,0,0,1,0
CUST00074,10,month_to_month,fiber,electronic_check,75.81,720.25,0,201.5,0,1,1,1
CUST00741,59,month_to_month,dsl,bank_transfer,52.57,3139.38,1,187.6,0,0,3,0
CUST00105,58,one_year,dsl,credit_card,47.36,2894.7,4,63.2,0,1,1,0
CUST00684,70,month_to_month,dsl,credit_card,53.24,3837.74,0,145.7,0,0,3,0
CUST00944,35,two_year,fiber,electronic_check,89.7,3411.05,0,315.2,0,1,2,0
CUST00953,45,month_to_month,fiber,credit_card,73.0,3236.99,2,278.8,0,0,2,1
CUST00017,37,two_year,none,mailed_check,38.41,1419.44,2,0.0,0,0,3,0
CUST00440,29,one_year,dsl,mailed_check,61.83,1753.5,2,204.1,0,1,4,0
CUST00092,58,month_to_month,fiber,electronic_check,84.1,4548.79,0,369.2,0,1,5,0
CUST00089,56,month_to_month,none,bank_transfer,34.89,1983.49,0,0.0,0,1,2,0
CUST00451,70,month_to_month,dsl,bank_transfer,53.9,3870.94,3,205.1,0,1,1,0
CUST00103,58,one_year,fiber,credit_card,73.1,4647.89,1,182.0,0,0,3,1
CUST00239,23,month_to_month,fiber,electronic_check,91.18,1949.76,0,239.3,1,1,2,1
CUST00717,38,two_year,none,electronic_check,44.8,1649.46,2,0.0,0,0,1,0
CUST00247,55,month_to_month,dsl,credit_card,53.98,2825.97,0,295.2,0,1,3,0
CUST00709,35,one_year,dsl,electronic_check,45.0,1597.83,0,348.6,1,0,4,1
CUST00158,41,one_year,fiber,credit_card,72.87,2793.98,1,81.0,0,0,1,1
CUST00480,8,month_to_month,fiber,bank_transfer,78.34,583.95,0,376.5,0,1,4,1
CUST00646,24,month_to_month,dsl,electronic_check,59.7,1415.46,2,386.5,0,0,3,0
CUST00921,63,one_year,dsl,credit_card,71.73,4248.94,4,35.3,0,1,2,0
CUST00815,57,two_year,fiber,mailed_check,65.0,3766.87,2,220.8,0,1,5,0
CUST00019,61,month_to_month,fiber,credit_card,65.02,4180.84,2,286.0,0,1,4,0
CUST00701,38,month_to_month,dsl,electronic_check,45.0,1670.64,1,345.6,1,0,4,0
CUST00122,49,one_year,none,electronic_check,34.37,1848.03,1,0.0,0,1,3,0
CUST00827,50,month_to_month,dsl,electronic_check,53.94,2586.18,1,198.9,0,0,2,0
CUST00700,7,two_year,fiber,bank_transfer,68.45,494.28,3,279.5,0,0,1,1
CUST00275,31,one_year,none,electronic_check,33.22,1039.07,1,0.0,0,1,1,0
CUST00434,10,one_year,fiber,credit_card,82.67,797.6,2,124.8,0,0,5,0
CUST00888,14,month_to_month,dsl,bank_transfer,58.15,867.54,1,218.4,0,1,3,0
CUST00312,49,one_year,fiber,bank_transfer,66.5,3111.37,1,441.8,0,1,4,0
CUST00761,13,two_year,dsl,electronic_check,70.96,884.34,0,313.0,0,0,1,1
CUST00826,7,month_to_month,none,credit_card,34.43,265.05,4,0.0,0,0,3,1
CUST00547,31,one_year,fiber,bank_transfer,83.79,2505.07,3,471.9,0,1,1,0
CUST00182,11,two_year,none,mailed_check,33.92,369.74,0,0.0,0,0,5,0
CUST00185,36,month_to_month,none,electronic_check,36.28,1282.18,1,0.0,0,1,5,0
CUST00407,32,month_to_month,fiber,electronic_check,80.78,2685.79,2,198.4,0,0,1,1
CUST00607,24,month_to_month,none,electronic_check,24.48,577.69,0,0.0,0,1,3,0
CUST00693,68,two_year,none,electronic_check,25.92,1602.82,2,0.0,0,0,2,0
CUST00521,26,month_to_month,none,mailed_check,21.62,580.44,1,0.0,0,1,4,1
CUST00381,1,two_year,none,credit_card,33.57,36.16,0,0.0,0,1,1,0
CUST00411,13,one_year,dsl,electronic_check,46.56,578.71,0,259.6,0,1,2,1
CUST00635,14,two_year,dsl,credit_card,57.89,879.57,0,53.7,0,1,3,0
CUST00370,56,month_to_month,none,electronic_check,28.41,1496.04,2,0.0,0,1,2,0
CUST00805,54,month_to_month,dsl,electronic_check,61.58,3067.47,0,263.6,0,1,2,0
CUST00974,35,one_year,dsl,electronic_check,57.82,2198.41,2,235.5,0,0,1,1
CUST00749,23,month_to_month,none,bank_transfer,25.13,547.46,3,0.0,0,1,4,0
CUST00079,41,one_year,none,credit_card,46.51,1984.61,2,0.0,0,0,5,0
CUST00574,4,month_to_month,dsl,credit_card,65.48,278.52,1,110.2,0,0,2,1
CUST00638,22,month_to_month,dsl,bank_transfer,47.9,959.75,4,124.2,0,0,1,0
CUST00608,38,one_year,fiber,bank_transfer,79.82,3298.48,2,149.8,0,1,1,0
CUST00789,40,one_year,none,mailed_check,25.91,1034.41,0,0.0,0,1,5,0
CUST00981,43,month_to_month,fiber,credit_card,73.57,2917.2,1,162.2,0,0,5,1
CUST00822,48,one_year,fiber,credit_card,83.98,4213.21,2,160.9,0,1,3,0
CUST00915,43,one_year,fiber,electronic_check,83.77,3538.46,0,79.8,0,1,2,0
CUST00417,70,two_year,dsl,credit_card,57.41,4023.82,1,231.2,0,0,1,0
CUST00738,25,month_to_month,fiber,credit_card,80.97,1940.38,3,336.8,0,1,5,1
CUST00562,4,two_year,fiber,bank_transfer,74.56,287.28,1,79.7,0,1,1,0
CUST00068,27,two_year,dsl,electronic_check,66.69,1881.91,0,178.3,0,0,3,0
CUST00537,33,one_year,dsl,credit_card,60.33,1985.6,1,272.5,0,1,3,0
CUST00078,17,month_to_month,none,bank_transfer,33.93,521.95,2,0.0,0,1,1,0
CUST00106,57,month_to_month,dsl,electronic_check,52.74,3009.64,2,163.8,0,1,3,0
CUST00026,47,two_year,dsl,electronic_check,56.04,2587.34,2,393.6,0,0,4,0
CUST00821,2,one_year,dsl,credit_card,62.1,127.02,3,166.9,0,0,1,1
CUST00639,58,one_year,dsl,bank_transfer,47.28,2745.61,0,316.0,0,0,4,0
CUST00560,62,month_to_month,none,credit_card,40.46,2378.45,1,0.0,0,1,1,0
CUST00756,32,month_to_month,dsl,mailed_check,57.28,1717.17,1,142.8,1,1,2,0
CUST00691,72,two_year,fiber,bank_transfer,71.15,5251.57,0,162.8,1,0,5,0
CUST00859,49,month_to_month,dsl,electronic_check,54.78,2564.57,2,125.6,0,0,5,1
CUST00977,7,month_to_month,fiber,bank_transfer,70.23,505.96,1,348.7,0,0,1,1
CUST00861,70,month_to_month,dsl,mailed_check,59.01,3752.61,3,177.9,0,0,4,0
CUST00736,49,month_to_month,fiber,mailed_check,67.0,3201.0,1,132.8,0,1,3,1
CUST00954,31,one_year,fiber,credit_card,65.0,2108.36,2,345.9,1,1,3,1
CUST00491,68,two_year,dsl,bank_transfer,57.56,3578.1,1,327.0,0,0,3,0
CUST00986,47,month_to_month,fiber,mailed_check,65.91,3281.25,0,76.4,0,0,4,0
CUST00835,62,month_to_month,none,electronic_check,34.34,2084.82,2,0.0,0,1,5,0
CUST00606,39,month_to_month,fiber,electronic_check,72.56,2990.53,2,309.2,0,0,4,0
CUST00364,65,month_to_month,fiber,mailed_check,72.74,4628.66,2,434.6,0,1,4,1
CUST00070,34,one_year,dsl,bank_transfer,56.89,1768.1,1,194.2,0,1,2,0
CUST00549,38,one_year,fiber,bank_transfer,76.67,2636.99,0,280.8,0,0,4,1
CUST00161,72,month_to_month,fiber,mailed_check,83.39,5404.78,0,234.9,0,0,4,0
CUST00012,71,month_to_month,none,credit_card,20.0,1560.9,2,0.0,0,0,2,0
CUST00145,72,two_year,fiber,credit_card,73.51,5422.76,0,77.6,0,0,4,0
CUST00518,5,month_to_month,none,electronic_check,20.0,97.06,1,0.0,0,1,3,1
CUST00428,58,one_year,none,electronic_check,39.19,2355.98,2,0.0,0,0,4,0
CUST00640,69,two_year,fiber,mailed_check,69.85,4937.86,2,172.4,0,1,3,0
CUST00177,52,one_year,fiber,,73.64,3528.58,1,243.5,0,0,3,0
CUST00441,71,month_to_month,dsl,electronic_check,56.85,3762.64,1,222.6,0,0,5,0
CUST00522,11,one_year,fiber,bank_transfer,66.68,772.63,0,169.3,0,1,2,0
CUST00862,67,month_to_month,none,bank_transfer,24.98,1797.09,5,0.0,0,1,4,0
CUST00932,51,month_to_month,dsl,bank_transfer,47.42,2336.77,0,117.7,0,0,1,0
CUST00689,33,month_to_month,dsl,bank_transfer,48.4,1543.47,2,108.4,0,1,5,0
CUST00232,62,month_to_month,dsl,credit_card,57.79,3663.16,1,,0,1,1,1
CUST00211,19,one_year,fiber,bank_transfer,70.43,1269.81,4,365.4,0,0,3,0
CUST00641,49,month_to_month,fiber,bank_transfer,80.08,3772.33,1,220.8,0,1,2,0
CUST00144,30,one_year,dsl,credit_card,67.49,1866.48,2,140.8,1,1,5,0
CUST00754,68,two_year,fiber,bank_transfer,73.83,5233.79,0,216.2,0,1,4,0
CUST00520,43,month_to_month,dsl,bank_transfer,45.0,1825.92,2,219.7,0,0,5,1
CUST00942,30,month_to_month,dsl,bank_transfer,59.55,1888.49,1,304.4,1,1,4,1
CUST00299,21,month_to_month,dsl,electronic_check,57.14,1237.26,2,157.4,0,1,4,0
CUST00429,2,month_to_month,fiber,credit_card,69.14,130.45,0,62.5,0,1,2,1
CUST00613,57,month_to_month,fiber,mailed_check,65.0,3604.49,1,110.8,1,1,3,1
CUST00919,19,two_year,none,electronic_check,30.0,517.66,0,0.0,0,1,4,1
CUST00927,39,month_to_month,none,credit_card,31.97,1162.9,2,0.0,1,0,4,0
CUST00009,15,month_to_month,fiber,electronic_check,79.81,1205.2,2,217.1,0,1,2,1
CUST00157,10,two_year,dsl,mailed_check,58.24,604.5,0,244.3,0,1,2,0
CUST00540,2,month_to_month,fiber,electronic_check,81.32,176.28,2,444.9,0,0,5,1
CUST00507,39,month_to_month,fiber,electronic_check,66.55,2434.35,2,407.6,0,0,1,1
CUST00437,41,month_to_month,dsl,electronic_check,53.31,2259.12,0,311.4,0,0,5,0
CUST00267,33,month_to_month,dsl,credit_card,60.75,2051.71,2,151.7,0,0,4,0
CUST00462,11,one_year,dsl,electronic_check,61.93,694.2,0,250.1,0,0,5,0
CUST00577,67,one_year,dsl,electronic_check,51.36,3475.28,1,217.2,0,1,3,0
CUST00339,15,one_year,fiber,electronic_check,86.1,1305.03,4,111.9,0,0,2,1
CUST00256,11,month_to_month,dsl,electronic_check,54.28,618.79,0,276.2,0,1,5,0
CUST00799,23,month_to_month,fiber,bank_transfer,78.07,1878.71,4,242.0,0,0,1,1
CUST00841,21,two_year,none,electronic_check,45.6,983.3,2,0.0,0,0,3,1
CUST00666,51,month_to_month,fiber,electronic_check,78.19,4303.44,2,231.4,0,0,4,1
CUST00561,39,one_year,dsl,bank_transfer,45.0,1632.41,0,428.8,1,1,1,0
CUST00209,19,two_year,fiber,bank_transfer,94.94,1886.33,2,307.2,0,0,4,1
CUST00288,42,month_to_month,fiber,electronic_check,65.0,2574.03,3,175.4,0,0,1,1
CUST00002,56,month_to_month,none,electronic_check,20.0,1185.05,1,0.0,0,0,3,0
CUST00342,21,one_year,fiber,electronic_check,77.26,1675.97,1,320.9,0,0,1,0
CUST00270,43,two_year,dsl,mailed_check,53.14,2146.4,0,,0,0,5,0
CUST00266,42,one_year,fiber,electronic_check,81.83,3397.8,0,407.3,0,1,1,0
CUST00808,8,one_year,fiber,electronic_check,85.22,655.46,2,170.2,0,0,3,1
CUST00814,21,month_to_month,dsl,electronic_check,48.53,1072.61,1,202.7,0,0,4,0
CUST00096,21,two_year,none,electronic_check,37.8,844.82,2,0.0,1,0,4,0
CUST00959,70,two_year,fiber,,77.87,5075.38,1,219.6,0,1,2,1
CUST00043,51,month_to_month,fiber,electronic_check,81.34,4439.19,1,203.6,0,0,1,1
CUST00869,33,month_to_month,fiber,electronic_check,82.85,2572.07,3,397.2,0,1,3,1
CUST00990,57,one_year,fiber,credit_card,65.0,3803.24,1,269.0,0,1,4,0
CUST00966,43,one_year,fiber,electronic_check,75.71,3468.21,1,348.9,0,1,2,0
CUST00629,37,month_to_month,fiber,credit_card,74.1,2926.32,0,259.2,0,1,1,1
CUST00046,70,two_year,dsl,electronic_check,52.27,3822.96,0,233.4,0,1,4,0
CUST00162,48,two_year,dsl,mailed_check,48.91,2335.36,2,57.7,0,1,5,0
CUST00728,7,two_year,none,credit_card,23.53,150.64,1,0.0,0,0,1,0
CUST00630,27,month_to_month,dsl,bank_transfer,67.07,1692.01,3,212.0,0,0,4,1
CUST00289,40,one_year,none,electronic_check,45.79,1908.31,1,0.0,0,0,2,0
CUST00590,61,two_year,fiber,mailed_check,77.5,4533.03,5,313.5,0,0,4,0
CUST00885,59,month_to_month,fiber,bank_transfer,66.34,4267.76,0,286.7,0,1,4,0
CUST00943,66,month_to_month,fiber,credit_card,65.0,3866.23,1,232.7,0,1,3,0
CUST00576,27,two_year,none,credit_card,34.14,930.86,0,0.0,0,0,1,0
CUST00316,48,month_to_month,fiber,credit_card,69.07,3108.17,1,254.6,0,1,3,0
CUST00231,34,month_to_month,fiber,mailed_check,69.39,2239.38,3,247.8,0,0,4,1
CUST00699,4,two_year,dsl,credit_card,54.84,220.6,1,288.7,0,0,5,0
CUST00818,8,one_year,fiber,bank_transfer,86.12,656.21,0,237.2,0,1,5,0
CUST00712,38,one_year,dsl,bank_transfer,58.49,2054.77,1,200.2,0,1,2,1
CUST00077,24,two_year,fiber,mailed_check,65.0,1629.92,1,217.2,0,1,2,0
CUST00634,28,one_year,dsl,electronic_check,56.56,1462.28,1,277.4,0,1,1,0
CUST00964,16,two_year,fiber,electronic_check,73.4,1282.57,1,283.3,0,1,4,0
CUST00248,30,two_year,fiber,mailed_check,73.63,2255.37,1,102.6,0,1,4,0
CUST00477,61,month_to_month,fiber,credit_card,88.14,5100.17,3,285.0,0,1,1,1
CUST00671,69,two_year,none,bank_transfer,35.71,2260.94,1,0.0,0,0,5,0
CUST00086,51,month_to_month,fiber,bank_transfer,83.76,4489.64,2,219.5,0,1,5,0
CUST00470,68,two_year,none,electronic_check,20.81,1338.05,1,0.0,0,1,5,0
CUST00226,23,month_to_month,fiber,bank_transfer,70.36,1484.43,0,150.1,0,0,2,1
CUST00775,61,month_to_month,fiber,mailed_check,65.0,4263.02,0,213.3,0,0,3,0
CUST00332,27,one_year,fiber,electronic_check,78.64,2126.55,1,523.2,1,1,1,0
CUST00234,55,month_to_month,fiber,electronic_check,77.63,4326.8,2,490.1,0,0,4,1
CUST00589,61,two_year,none,credit_card,32.37,1975.82,2,0.0,0,0,2,0
CUST00476,57,month_to_month,fiber,electronic_check,65.53,4003.15,2,209.3,0,0,1,0
CUST00883,33,two_year,fiber,mailed_check,73.53,2620.7,2,156.9,0,1,5,0
CUST00863,9,month_to_month,none,credit_card,41.73,381.76,2,0.0,1,0,1,1
CUST00600,47,one_year,fiber,credit_card,66.01,2900.48,1,284.5,0,0,2,0
CUST00422,50,month_to_month,fiber,credit_card,74.21,3472.94,2,205.4,0,0,1,0
CUST00688,43,month_to_month,fiber,electronic_check,65.27,2595.64,1,76.5,0,0,1,1
CUST00183,36,month_to_month,dsl,bank_transfer,61.81,2039.62,3,212.5,0,1,2,1
CUST00618,20,one_year,none,credit_card,41.44,883.16,0,0.0,1,0,3,0
CUST00333,23,month_to_month,fiber,bank_transfer,77.25,1933.32,1,209.1,0,0,1,0
CUST00439,6,one_year,fiber,bank_transfer,72.95,429.64,1,229.1,0,0,1,1
CUST00050,57,month_to_month,dsl,credit_card,49.79,2991.63,2,303.3,1,1,1,0
CUST00006,62,one_year,dsl,bank_transfer,48.63,3181.39,0,127.7,0,0,5,0
CUST00530,67,one_year,fiber,electronic_check,72.47,4598.1,3,349.7,0,0,2,0
CUST00235,36,month_to_month,none,bank_transfer,24.98,844.21,1,0.0,0,0,3,0
CUST00487,25,two_year,none,credit_card,20.3,489.05,3,0.0,0,1,3,0
CUST00897,37,two_year,dsl,electronic_check,51.29,1981.83,1,119.5,0,0,3,0
CUST00498,27,one_year,none,electronic_check,23.95,686.99,1,0.0,0,1,5,0
CUST00891,8,month_to_month,dsl,electronic_check,53.08,466.85,2,119.3,0,0,4,1
CUST00107,57,one_year,dsl,credit_card,56.93,3512.88,3,340.2,1,0,2,0
CUST00444,36,two_year,dsl,,47.26,1692.64,1,162.1,0,0,5,0
CUST00489,56,month_to_month,fiber,bank_transfer,78.21,4485.95,2,128.1,0,1,1,0
CUST00647,34,one_year,fiber,electronic_check,79.76,2556.62,2,280.4,0,0,4,1
CUST00013,53,two_year,fiber,credit_card,71.05,3469.83,1,333.5,1,0,2,0
CUST00739,54,one_year,dsl,bank_transfer,54.29,2710.42,2,62.6,0,0,4,1
CUST00727,52,month_to_month,fiber,credit_card,79.38,4482.65,4,,0,1,3,1
CUST00191,50,month_to_month,none,credit_card,31.49,1513.56,2,0.0,0,0,2,0
CUST00938,11,month_to_month,fiber,bank_transfer,67.53,690.5,3,216.7,0,0,1,1
CUST00833,33,one_year,fiber,electronic_check,71.91,2438.62,0,232.7,0,1,5,1
CUST00283,49,month_to_month,dsl,bank_transfer,56.09,2752.44,1,179.8,0,1,3,0
CUST00030,32,month_to_month,none,,30.92,,1,0.0,0,1,4,1
CUST00170,2,month_to_month,none,electronic_check,28.31,60.52,2,0.0,1,1,5,1
CUST00181,68,month_to_month,none,credit_card,20.48,1508.63,2,0.0,1,0,2,0
CUST00101,60,month_to_month,none,bank_transfer,32.12,2039.21,2,0.0,1,0,1,0
CUST00198,9,month_to_month,fiber,mailed_check,77.47,638.32,0,170.5,0,0,2,1
CUST00496,30,one_year,none,mailed_check,32.59,970.88,2,0.0,0,1,1,0
CUST00722,68,month_to_month,fiber,bank_transfer,86.75,5509.94,3,243.9,0,1,1,0
CUST00648,39,two_year,none,electronic_check,24.2,1022.46,0,0.0,0,0,5,0
CUST00969,67,month_to_month,fiber,mailed_check,68.99,4572.04,2,249.7,0,1,2,0
CUST00925,18,two_year,none,bank_transfer,30.3,570.42,0,0.0,0,1,2,0
CUST00711,49,month_to_month,none,electronic_check,36.54,1855.49,1,0.0,0,0,2,1
CUST00374,27,month_to_month,dsl,credit_card,51.45,1274.34,1,98.9,0,0,3,1
CUST00679,38,one_year,fiber,electronic_check,78.32,2858.17,3,328.8,0,0,3,1
CUST00878,54,month_to_month,fiber,electronic_check,69.63,3657.55,0,121.0,0,1,1,1
CUST00649,70,two_year,none,mailed_check,31.29,2399.07,1,0.0,0,0,4,0
CUST00798,34,one_year,dsl,bank_transfer,54.77,1742.18,1,193.5,1,1,2,0
CUST00848,4,month_to_month,none,bank_transfer,39.83,157.34,2,0.0,0,0,4,0
CUST00461,53,two_year,none,mailed_check,51.92,2505.95,1,,0,1,1,0
CUST00414,10,month_to_month,dsl,electronic_check,52.45,544.64,4,191.4,1,1,4,0
CUST00132,40,one_year,dsl,bank_transfer,55.1,2281.22,3,263.7,1,0,2,0
CUST00040,46,month_to_month,fiber,electronic_check,78.05,3292.14,2,299.6,0,1,4,1
CUST00435,32,one_year,none,bank_transfer,39.86,1355.85,0,0.0,0,0,1,0
CUST00216,20,two_year,none,credit_card,20.0,392.02,3,0.0,0,1,1,0
CUST00556,37,one_year,dsl,credit_card,48.3,1928.54,1,208.7,0,0,2,0
CUST00567,17,one_year,dsl,credit_card,51.74,937.74,0,372.6,1,0,2,0
CUST00763,69,two_year,fiber,electronic_check,65.0,4270.88,1,298.3,1,0,4,0
CUST00475,46,month_to_month,fiber,credit_card,80.71,3517.14,3,297.1,0,1,3,1
CUST00457,11,month_to_month,fiber,electronic_check,89.8,1032.12,3,199.4,0,0,4,1
CUST00812,64,one_year,fiber,bank_transfer,65.0,4461.74,2,239.4,0,0,3,0
CUST00261,58,month_to_month,fiber,mailed_check,71.86,3939.18,0,110.5,0,1,4,0
CUST00817,4,two_year,fiber,bank_transfer,91.96,348.82,1,271.2,0,1,1,0
CUST00036,5,one_year,dsl,mailed_check,63.51,313.18,2,171.7,1,1,2,0
CUST00828,65,month_to_month,fiber,electronic_check,74.04,4508.38,3,241.4,0,1,3,1
CUST00310,8,month_to_month,none,electronic_check,24.41,194.93,0,0.0,0,1,4,0
CUST00277,34,one_year,dsl,bank_transfer,57.52,2147.12,1,280.0,0,1,3,0
CUST00637,17,month_to_month,dsl,electronic_check,45.0,805.81,1,153.0,0,1,3,0
CUST00655,40,two_year,none,credit_card,28.79,1151.61,1,0.0,0,0,5,0
CUST00623,12,one_year,none,mailed_check,39.33,482.76,3,0.0,1,1,5,1
CUST00836,56,one_year,dsl,credit_card,81.17,4127.36,0,212.4,0,1,1,0
CUST00845,1,month_to_month,fiber,electronic_check,80.64,74.94,0,84.5,0,0,4,1
CUST00394,44,month_to_month,fiber,credit_card,78.0,3445.26,0,144.3,0,1,4,0
CUST00934,47,one_year,dsl,bank_transfer,49.27,2420.97,3,231.8,0,0,1,1
CUST00108,48,two_year,none,electronic_check,41.53,2050.75,4,0.0,1,1,1,1
CUST00940,37,month_to_month,none,electronic_check,38.36,1386.62,2,0.0,0,1,5,1
CUST00525,23,month_to_month,fiber,electronic_check,94.38,2144.51,0,225.3,0,0,1,1
CUST00785,35,one_year,none,electronic_check,34.86,1110.23,3,0.0,0,0,3,1
CUST00048,65,two_year,fiber,mailed_check,65.0,4000.54,2,125.9,0,0,3,0
CUST00204,51,one_year,fiber,bank_transfer,74.6,4182.71,3,409.3,0,1,3,0
CUST00922,42,month_to_month,fiber,electronic_check,77.69,3187.41,1,199.7,0,0,3,1
CUST00632,24,month_to_month,dsl,electronic_check,52.43,1322.08,2,226.9,1,1,4,1
CUST00022,27,month_to_month,fiber,bank_transfer,78.95,2181.99,0,160.0,0,1,5,1
CUST00403,24,month_to_month,dsl,mailed_check,51.06,1186.3,2,163.7,0,0,1,1
CUST00084,60,two_year,fiber,mailed_check,65.0,3635.11,3,156.5,0,0,3,0
CUST00131,41,month_to_month,dsl,electronic_check,54.52,2147.54,1,220.8,0,0,1,1
CUST00416,49,one_year,fiber,electronic_check,73.23,3387.96,2,169.0,1,0,2,1
CUST00979,26,month_to_month,fiber,electronic_check,82.75,1963.69,0,76.8,0,0,3,1
CUST00842,48,month_to_month,dsl,bank_transfer,49.65,2556.61,3,338.0,0,1,2,1
CUST00742,55,month_to_month,fiber,mailed_check,73.29,3707.48,1,467.3,0,1,3,0
CUST00698,43,two_year,none,bank_transfer,38.21,1644.41,2,0.0,0,0,4,1
CUST00287,12,two_year,fiber,credit_card,65.0,790.86,3,198.7,0,0,3,0
CUST00124,34,month_to_month,fiber,credit_card,79.09,2796.58,0,138.6,0,0,2,0
CUST00034,40,one_year,dsl,bank_transfer,55.06,2032.49,1,195.7,0,1,1,1
CUST00971,22,one_year,fiber,electronic_check,72.1,1609.82,2,46.0,0,1,1,0
CUST00517,64,one_year,fiber,credit_card,73.15,4654.59,3,54.4,0,0,1,0
CUST00020,33,month_to_month,none,credit_card,35.68,1064.14,0,0.0,0,1,4,0
CUST00923,33,month_to_month,dsl,electronic_check,45.0,1380.02,2,220.6,0,1,3,0
CUST00220,65,one_year,fiber,credit_card,65.0,4628.49,0,283.6,0,1,5,0
CUST00892,52,one_year,none,bank_transfer,26.97,1270.67,1,0.0,0,1,4,1
CUST00787,3,month_to_month,fiber,bank_transfer,69.03,222.41,3,243.8,0,0,4,1
CUST00482,60,month_to_month,fiber,electronic_check,77.52,4638.51,1,303.1,0,1,1,0
CUST00357,11,month_to_month,fiber,mailed_check,80.05,794.39,1,483.3,0,0,1,1
CUST00662,53,month_to_month,dsl,credit_card,53.58,2736.92,1,92.8,0,1,5,0
CUST00225,52,two_year,dsl,credit_card,48.88,2438.53,1,97.7,0,1,5,0
CUST00760,53,month_to_month,fiber,electronic_check,75.75,3724.65,0,220.7,1,1,4,0
CUST00093,61,month_to_month,none,electronic_check,30.15,1789.2,2,0.0,0,1,2,0
CUST00152,21,month_to_month,fiber,bank_transfer,81.9,1660.03,3,168.0,0,0,1,0
CUST00978,42,month_to_month,dsl,electronic_check,45.0,1773.55,4,372.0,0,0,2,1
CUST00318,53,two_year,dsl,bank_transfer,59.18,3351.49,1,183.8,0,1,1,0
CUST00449,38,month_to_month,none,bank_transfer,32.25,1173.22,0,0.0,0,0,3,0
CUST00804,67,one_year,dsl,electronic_check,63.03,3969.4,4,474.5,0,1,2,0
CUST00746,27,two_year,dsl,electronic_check,57.8,1447.5,3,188.7,0,0,1,0
CUST00523,14,two_year,dsl,electronic_check,45.0,588.0,0,391.1,0,0,2,1
CUST00280,6,month_to_month,dsl,credit_card,55.08,330.59,3,124.5,0,0,2,1
CUST00584,4,one_year,dsl,electronic_check,45.0,195.19,0,140.4,0,0,4,0
CUST00765,26,two_year,dsl,electronic_check,66.64,1785.68,4,168.7,0,1,2,1
CUST00605,60,month_to_month,fiber,electronic_check,66.73,3934.62,1,257.8,0,1,4,0
CUST00350,12,month_to_month,dsl,credit_card,51.1,624.68,1,304.2,0,1,2,1
CUST00928,22,month_to_month,fiber,bank_transfer,74.77,1554.96,1,169.8,0,0,1,1
CUST00375,64,month_to_month,dsl,mailed_check,61.08,4260.61,0,312.8,0,0,2,1
CUST00401,72,two_year,dsl,electronic_check,55.34,4061.65,0,61.6,0,1,2,0
CUST00705,10,one_year,none,bank_transfer,30.49,327.23,3,0.0,1,0,4,1
CUST00258,8,month_to_month,dsl,bank_transfer,52.81,391.32,1,201.7,0,0,3,0
CUST00945,10,two_year,fiber,credit_card,65.46,673.71,2,353.6,0,1,1,0
CUST00852,58,month_to_month,none,mailed_check,29.37,1617.18,1,0.0,0,0,2,0
CUST00073,34,month_to_month,fiber,electronic_check,81.18,2857.14,1,106.9,0,1,2,1
CUST00196,7,month_to_month,fiber,bank_transfer,75.63,488.26,1,315.6,0,0,2,1
CUST00484,58,month_to_month,fiber,electronic_check,75.14,4127.71,0,238.0,0,1,3,1
CUST00856,62,one_year,dsl,credit_card,46.61,3002.56,0,219.0,0,1,3,0
CUST00138,3,month_to_month,none,mailed_check,22.64,67.19,3,0.0,1,1,1,1
CUST00495,21,one_year,dsl,electronic_check,66.25,1366.76,1,221.1,0,1,4,0
CUST00773,1,two_year,fiber,credit_card,78.65,83.43,1,224.8,0,0,1,1
CUST00551,58,month_to_month,fiber,electronic_check,78.76,4889.35,1,286.9,0,1,1,0
CUST00463,54,month_to_month,none,electronic_check,23.51,1392.39,1,0.0,0,1,4,0
CUST00202,66,one_year,fiber,mailed_check,68.6,4763.1,2,140.7,0,1,4,0
CUST00313,9,month_to_month,dsl,bank_transfer,45.19,443.75,1,216.4,0,0,1,1
CUST00291,59,month_to_month,fiber,credit_card,79.89,4616.73,1,166.1,0,1,1,1
CUST00190,22,one_year,fiber,mailed_check,77.72,1592.72,1,494.0,0,0,1,0
CUST00764,68,month_to_month,fiber,mailed_check,71.83,4846.11,1,321.9,0,0,2,1
CUST00113,41,month_to_month,dsl,electronic_check,59.76,2304.48,2,204.0,0,0,3,0
CUST00950,21,month_to_month,fiber,electronic_check,76.21,1554.74,2,247.3,0,1,4,1
CUST00184,51,month_to_month,dsl,electronic_check,60.81,3150.47,2,298.4,0,0,4,1
CUST00153,67,month_to_month,none,electronic_check,23.49,1501.83,1,0.0,0,1,3,0
CUST00825,45,two_year,none,electronic_check,32.4,1496.56,2,0.0,0,1,3,0
CUST00326,17,month_to_month,dsl,credit_card,53.82,898.22,1,164.9,0,1,4,1
CUST00704,13,month_to_month,dsl,electronic_check,73.21,866.89,0,138.5,0,0,4,0
CUST00045,5,two_year,dsl,electronic_check,66.23,334.98,2,104.6,1,1,3,0
CUST00445,37,month_to_month,fiber,bank_transfer,92.15,3301.37,0,382.3,0,1,1,0
CUST00788,50,month_to_month,fiber,electronic_check,66.43,3598.48,2,80.5,0,0,3,1
CUST00007,7,two_year,none,electronic_check,21.62,139.6,1,0.0,1,0,1,0
CUST00251,13,month_to_month,fiber,bank_transfer,85.69,1206.68,0,105.1,0,1,1,1
CUST00824,47,one_year,fiber,mailed_check,75.27,3192.59,2,82.6,0,0,5,0
CUST00076,35,month_to_month,none,bank_transfer,20.0,737.77,3,0.0,0,0,4,0
CUST00513,61,month_to_month,dsl,bank_transfer,57.57,3410.18,0,439.4,0,0,2,0
CUST00941,50,two_year,fiber,electronic_check,78.78,3930.67,2,76.4,0,1,2,1
CUST00392,13,month_to_month,dsl,mailed_check,54.43,735.31,0,439.1,0,0,4,1
CUST00896,45,two_year,none,credit_card,36.38,1557.09,1,0.0,0,1,3,0
CUST00433,60,two_year,fiber,electronic_check,72.6,4740.35,1,70.9,0,0,3,0
CUST00069,6,one_year,fiber,electronic_check,68.23,391.67,1,240.4,0,0,2,1
CUST00168,13,month_to_month,dsl,bank_transfer,62.41,780.5,4,233.6,0,1,2,1
CUST00905,34,month_to_month,dsl,credit_card,45.0,1615.41,1,167.0,0,1,2,1
CUST00731,53,two_year,dsl,mailed_check,62.8,3158.72,0,248.0,0,0,1,0
CUST00555,71,month_to_month,fiber,mailed_check,72.57,4841.44,3,271.9,0,0,5,0
CUST00367,34,one_year,none,mailed_check,36.06,1264.27,3,0.0,0,1,4,0
CUST00346,19,month_to_month,fiber,electronic_check,97.76,1738.16,1,232.9,0,0,5,1
CUST00585,30,month_to_month,fiber,electronic_check,76.76,2308.77,0,211.9,0,0,3,1
CUST00536,12,one_year,fiber,electronic_check,66.19,795.32,1,32.4,0,0,2,0
CUST00399,21,month_to_month,fiber,electronic_check,65.27,1333.24,3,185.1,0,0,1,1
CUST00186,33,month_to_month,dsl,credit_card,57.91,2029.86,1,1082.4,1,1,3,0
CUST00349,14,month_to_month,dsl,credit_card,51.43,778.91,2,142.6,0,1,2,1
CUST00616,47,month_to_month,fiber,credit_card,77.19,3765.34,1,488.9,0,1,1,1
CUST00920,46,month_to_month,none,bank_transfer,32.08,1529.34,2,0.0,0,1,2,0
CUST00212,52,one_year,dsl,electronic_check,45.0,2446.24,4,352.9,0,1,1,1
CUST00580,8,two_year,fiber,bank_transfer,67.04,500.77,2,434.4,0,1,2,0
CUST00503,70,month_to_month,fiber,bank_transfer,69.19,4514.56,1,423.9,0,1,1,0
CUST00538,9,month_to_month,dsl,credit_card,55.1,505.9,2,476.2,1,0,3,1
CUST00197,25,two_year,none,mailed_check,29.51,683.51,0,0.0,0,1,3,0
CUST00176,34,month_to_month,dsl,credit_card,45.0,1646.92,1,311.9,0,0,5,1
