property_id,living_area_sqft,lot_area_sqft,bedrooms,bathrooms,house_age_years,neighborhood,condition,garage_spaces,has_basement,distance_to_center_km,sale_price
PROP00001,2462.0,5032.0,4,2.3,31,suburb_north,good,1,0,9.1,441500.0
PROP00002,2832.0,15576.0,5,3.1,0,suburb_north,fair,1,1,8.2,693276.0
PROP00003,2597.0,5146.0,5,3.1,38,downtown,fair,1,1,1.6,612488.0
PROP00004,617.0,1442.0,2,1.4,31,riverside,poor,2,1,9.4,143447.0
PROP00005,1560.0,3989.0,3,1.6,12,downtown,excellent,1,1,2.4,487486.0
PROP00006,1802.0,4932.0,3,1.8,28,suburb_north,good,1,1,10.6,383538.0
PROP00007,2055.0,7167.0,3,2.7,28,riverside,good,2,1,,513738.0
PROP00008,850.0,3870.0,1,1.4,6,suburb_north,good,2,0,14.3,215354.0
PROP00009,841.0,4667.0,1,1.4,60,suburb_north,excellent,1,1,10.6,197220.0
PROP00010,2519.0,10083.0,4,2.2,26,rural,excellent,2,1,28.6,425950.0
PROP00011,1492.0,6022.0,2,1.0,3,downtown,good,2,0,2.2,384144.0
PROP00012,982.0,3085.0,3,2.4,2,rural,fair,1,1,39.1,175084.0
PROP00013,1193.0,6159.0,3,2.4,92,downtown,fair,1,1,3.6,291141.0
PROP00014,2015.0,4562.0,3,2.1,11,suburb_north,good,0,0,15.8,414061.0
PROP00015,1348.0,4131.0,3,1.9,87,suburb_south,good,1,0,6.6,205563.0
PROP00016,1933.0,4267.0,3,1.4,15,suburb_north,good,3,1,8.4,415662.0
PROP00017,1262.0,3407.0,3,2.3,8,suburb_south,fair,0,0,8.4,228887.0
PROP00018,841.0,3586.0,2,2.0,52,suburb_north,good,3,1,13.3,191753.0
PROP00019,2583.0,6016.0,5,2.7,83,suburb_south,good,0,0,5.8,332424.0
PROP00020,2019.0,4487.0,3,1.7,6,downtown,fair,1,1,3.5,543436.0
PROP00021,1616.0,8514.0,3,2.5,31,riverside,excellent,2,1,3.9,509304.0
PROP00022,1513.0,3475.0,1,1.0,72,suburb_south,good,2,0,17.6,187555.0
PROP00023,2606.0,11346.0,5,3.7,6,suburb_south,fair,0,1,4.0,503032.0
PROP00024,2125.0,6967.0,3,2.0,16,downtown,fair,0,0,3.1,477667.0
PROP00025,2431.0,13528.0,4,2.3,29,suburb_south,good,2,0,6.8,444504.0
PROP00026,1479.0,7057.0,1,1.0,77,suburb_south,good,1,1,6.9,241044.0
PROP00027,1828.0,3747.0,3,1.8,77,suburb_north,fair,2,0,17.9,240564.0
PROP00028,2021.0,11239.0,4,3.0,68,suburb_south,good,2,1,9.9,366361.0
PROP00029,1497.0,5297.0,2,1.9,63,downtown,good,0,1,1.4,347035.0
PROP00030,1747.0,5333.0,3,2.4,2,suburb_north,poor,2,0,17.7,302107.0
PROP00031,1479.0,6841.0,2,1.6,22,riverside,good,0,0,6.6,303010.0
PROP00032,2019.0,9722.0,4,2.3,88,downtown,good,3,1,3.8,495103.0
PROP00033,1073.0,3298.0,2,1.5,69,suburb_north,fair,3,0,3.4,208759.0
PROP00034,2115.0,6931.0,3,1.8,23,suburb_south,fair,2,1,9.9,375283.0
PROP00035,1971.0,4842.0,3,2.6,67,riverside,fair,3,0,16.8,366770.0
PROP00036,1688.0,7246.0,4,2.9,69,downtown,good,2,1,1.7,521097.0
PROP00037,2047.0,11912.0,4,2.5,71,downtown,excellent,0,0,1.5,485607.0
PROP00038,1599.0,5676.0,2,1.1,94,suburb_north,good,0,1,6.9,267910.0
PROP00039,1431.0,8563.0,4,3.1,51,suburb_south,excellent,0,1,6.3,319445.0
PROP00040,2099.0,5333.0,4,2.6,5,suburb_south,good,2,0,13.6,466330.0
PROP00041,2123.0,10920.0,4,2.4,78,suburb_south,good,2,1,14.2,372395.0
PROP00042,1521.0,8667.0,3,2.6,1,riverside,good,2,0,11.4,427009.0
PROP00043,1474.0,6913.0,3,1.8,61,rural,good,2,0,21.5,201381.0
PROP00044,1699.0,3838.0,3,1.9,76,suburb_north,excellent,1,0,3.1,303663.0
PROP00045,1496.0,4745.0,1,1.0,12,downtown,good,0,1,1.3,359889.0
PROP00046,2639.0,5700.0,5,2.5,76,suburb_north,good,1,1,12.0,459766.0
PROP00047,1974.0,8542.0,3,2.1,77,downtown,excellent,3,0,0.9,551895.0
PROP00048,1808.0,10834.0,3,1.7,62,suburb_north,excellent,1,1,6.2,401033.0
PROP00049,1287.0,4342.0,2,1.3,31,rural,excellent,1,1,25.0,199118.0
PROP00050,2206.0,5481.0,2,1.2,19,suburb_north,fair,1,0,4.1,432063.0
PROP00051,1464.0,4287.0,1,1.0,67,downtown,poor,3,0,2.1,220265.0
PROP00052,1441.0,6048.0,3,1.7,15,suburb_south,good,1,0,13.3,248814.0
PROP00053,2225.0,9322.0,4,2.6,64,rural,good,2,0,38.9,221037.0
PROP00054,2013.0,5566.0,2,1.4,16,suburb_north,poor,0,1,10.2,345580.0
PROP00055,500.0,2476.0,1,1.0,32,riverside,good,0,1,10.8,133567.0
PROP00056,1713.0,3717.0,3,2.9,48,riverside,good,2,0,11.9,407601.0
PROP00057,1869.0,8255.0,3,1.9,15,suburb_north,fair,2,1,16.5,363609.0
PROP00058,1613.0,5787.0,3,2.2,76,suburb_south,good,2,0,11.2,283529.0
PROP00059,1888.0,4407.0,4,2.8,66,suburb_north,fair,1,1,4.0,332032.0
PROP00060,805.0,3594.0,1,1.0,1,suburb_north,excellent,3,1,8.2,266430.0
PROP00061,500.0,2313.0,1,1.1,81,suburb_north,fair,2,0,12.4,68416.0
PROP00062,1263.0,4608.0,2,1.5,68,downtown,good,3,1,1.7,326559.0
PROP00063,1955.0,10071.0,2,1.6,80,riverside,good,1,0,14.5,417927.0
PROP00064,500.0,1970.0,1,1.0,57,riverside,fair,1,1,,98128.0
PROP00065,1336.0,4008.0,2,1.3,60,suburb_north,good,1,0,5.1,238617.0
PROP00066,742.0,4307.0,1,1.0,36,suburb_south,excellent,2,1,6.5,187005.0
PROP00067,1667.0,9610.0,3,1.2,21,suburb_north,good,2,1,16.1,358811.0
PROP00068,2877.0,6334.0,5,3.6,22,downtown,poor,2,1,3.4,564762.0
PROP00069,1681.0,9705.0,3,2.9,30,suburb_south,good,0,1,10.8,310845.0
PROP00070,1741.0,8804.0,3,2.1,27,downtown,fair,1,1,,479479.0
PROP00071,2262.0,5085.0,3,2.3,72,riverside,good,0,0,16.8,418142.0
PROP00072,1812.0,7214.0,3,2.4,50,suburb_north,good,2,1,16.3,427424.0
PROP00073,1682.0,3275.0,3,1.5,39,riverside,good,1,1,9.0,391102.0
PROP00074,2310.0,9871.0,3,2.4,69,suburb_north,poor,0,1,14.3,320209.0
PROP00075,2060.0,11782.0,5,2.8,70,suburb_north,fair,1,1,16.7,379668.0
PROP00076,1959.0,6556.0,2,2.4,89,riverside,poor,0,0,7.7,289237.0
PROP00077,1724.0,6786.0,1,1.0,29,suburb_south,good,3,0,7.9,346415.0
PROP00078,1610.0,4437.0,3,2.4,23,suburb_north,good,1,0,11.2,299343.0
PROP00079,2304.0,9382.0,4,2.4,0,rural,good,3,0,34.4,291720.0
PROP00080,1615.0,8351.0,2,2.4,15,suburb_north,poor,2,1,14.4,109251.0
PROP00081,2477.0,6698.0,3,1.8,57,downtown,fair,2,0,3.4,546207.0
PROP00082,1224.0,5049.0,1,1.5,77,suburb_north,good,2,1,6.2,229361.0
PROP00083,2589.0,8517.0,5,3.3,57,suburb_south,good,2,0,8.3,475350.0
PROP00084,2060.0,10179.0,4,2.7,95,suburb_south,excellent,2,1,13.1,395843.0
PROP00085,1267.0,6016.0,3,2.1,60,riverside,fair,0,0,3.8,221810.0
PROP00086,2080.0,9849.0,2,1.2,84,suburb_south,fair,3,0,8.1,309253.0
PROP00087,1442.0,4884.0,1,1.0,25,suburb_north,good,1,1,3.2,331928.0
PROP00088,1818.0,7848.0,2,1.9,31,suburb_north,good,1,0,15.3,352059.0
PROP00089,1532.0,6947.0,3,1.8,77,downtown,good,1,1,1.6,318934.0
PROP00090,1727.0,8047.0,3,2.5,63,riverside,fair,2,1,4.2,356356.0
PROP00091,2318.0,9773.0,4,2.6,46,downtown,poor,1,0,1.3,465964.0
PROP00092,2085.0,11344.0,4,3.0,91,suburb_south,good,1,1,4.3,405106.0
PROP00093,1181.0,3360.0,2,1.8,73,suburb_south,fair,0,0,13.3,131284.0
PROP00094,1213.0,2468.0,1,1.0,28,riverside,good,1,0,8.7,274169.0
PROP00095,1949.0,11387.0,4,2.7,58,downtown,fair,0,1,2.5,408898.0
PROP00096,1989.0,4088.0,3,1.9,38,suburb_north,fair,2,0,5.7,369596.0
PROP00097,1429.0,7992.0,1,1.5,39,rural,fair,1,0,23.9,179558.0
PROP00098,2675.0,11694.0,5,3.2,77,suburb_south,excellent,3,1,6.4,520892.0
PROP00099,2247.0,12715.0,3,2.2,65,suburb_south,poor,2,1,17.0,322880.0
PROP00100,1456.0,6076.0,3,1.9,1,riverside,fair,2,1,15.4,391152.0
PROP00101,1403.0,7363.0,2,1.1,55,rural,excellent,3,1,21.0,218251.0
PROP00102,1675.0,8089.0,3,1.8,62,suburb_north,fair,1,1,6.1,266831.0
PROP00103,1617.0,6477.0,3,1.3,49,rural,fair,2,1,25.4,225757.0
PROP00104,2491.0,8285.0,3,1.8,28,downtown,fair,0,0,2.6,567879.0
PROP00105,2341.0,4242.0,4,1.9,62,rural,good,0,0,22.2,292994.0
PROP00106,1819.0,5191.0,3,1.4,90,downtown,good,1,1,3.7,361996.0
PROP00107,2173.0,12598.0,4,2.5,8,suburb_north,excellent,2,0,3.3,581014.0
PROP00108,2253.0,6662.0,4,2.7,57,downtown,good,2,0,2.0,620288.0
PROP00109,1832.0,9083.0,3,2.0,87,riverside,good,1,1,3.6,374459.0
PROP00110,2021.0,7954.0,4,2.3,38,rural,fair,2,1,28.0,265809.0
PROP00111,2127.0,6585.0,2,1.1,32,suburb_north,good,1,1,9.4,371031.0
PROP00112,2068.0,12331.0,3,1.9,23,suburb_north,excellent,0,0,4.2,441035.0
PROP00113,1372.0,2740.0,2,1.2,21,suburb_north,excellent,0,1,15.0,277996.0
PROP00114,1427.0,6057.0,3,2.0,37,downtown,poor,2,0,3.1,304168.0
PROP00115,1641.0,6135.0,3,1.4,74,riverside,good,2,1,16.2,325262.0
PROP00116,1411.0,2993.0,3,2.3,17,downtown,good,1,0,2.4,393722.0
PROP00117,990.0,2672.0,1,1.0,22,rural,excellent,0,1,29.8,137598.0
PROP00118,2172.0,10243.0,3,2.2,95,rural,fair,2,1,26.3,239417.0
PROP00119,1991.0,4490.0,3,2.4,95,downtown,good,2,0,1.3,387340.0
PROP00120,1063.0,5490.0,3,2.1,21,suburb_south,good,0,1,9.1,232226.0
PROP00121,1667.0,7377.0,2,1.8,40,rural,excellent,2,0,18.0,224775.0
PROP00122,1699.0,3778.0,3,1.2,38,rural,good,2,0,24.6,226106.0
PROP00123,1900.0,5709.0,3,1.8,28,riverside,excellent,2,0,11.2,469656.0
PROP00124,1205.0,2863.0,1,1.4,14,downtown,good,0,1,2.4,329572.0
PROP00125,1055.0,5433.0,1,1.2,5,downtown,fair,3,0,3.0,260973.0
PROP00126,2086.0,8424.0,4,3.2,58,riverside,good,2,1,8.1,503671.0
PROP00127,956.0,1732.0,2,2.2,4,suburb_north,excellent,1,1,3.8,276673.0
PROP00128,1672.0,6822.0,1,1.1,59,suburb_south,fair,2,1,17.5,254351.0
PROP00129,1621.0,6205.0,2,1.4,9,riverside,good,2,0,15.7,325654.0
PROP00130,1732.0,7796.0,4,2.1,14,suburb_north,excellent,2,1,7.6,399949.0
PROP00131,1939.0,3774.0,4,2.3,0,downtown,excellent,2,0,1.3,573615.0
PROP00132,2679.0,5221.0,5,2.8,38,suburb_north,good,0,0,14.0,545369.0
PROP00133,920.0,3006.0,1,1.0,31,rural,good,2,1,26.9,139513.0
PROP00134,2282.0,10707.0,5,2.6,31,suburb_north,fair,1,1,12.1,437560.0
PROP00135,500.0,2300.0,1,1.2,29,downtown,good,2,0,2.9,156622.0
PROP00136,2567.0,7621.0,5,3.7,90,rural,good,1,0,21.7,288574.0
PROP00137,676.0,1830.0,1,1.4,41,suburb_south,good,0,0,7.3,122131.0
PROP00138,3140.0,14661.0,4,2.4,77,suburb_south,fair,1,0,3.9,495670.0
PROP00139,1586.0,3035.0,3,2.4,22,riverside,fair,2,0,7.8,358469.0
PROP00140,2510.0,10388.0,4,2.6,46,suburb_north,good,2,0,12.0,546947.0
PROP00141,2396.0,8581.0,4,2.5,6,rural,good,2,0,21.8,332962.0
PROP00142,1560.0,4374.0,1,1.0,24,rural,excellent,0,0,24.0,222600.0
PROP00143,1602.0,6384.0,4,2.4,6,suburb_north,good,1,1,13.8,316659.0
PROP00144,1340.0,3634.0,2,1.8,1,suburb_north,excellent,2,1,6.1,368668.0
PROP00145,2233.0,9312.0,5,3.1,17,suburb_north,good,1,1,11.0,536188.0
PROP00146,1567.0,3801.0,2,1.2,15,suburb_south,good,2,0,8.9,269684.0
PROP00147,1350.0,4730.0,2,1.2,30,suburb_south,good,3,1,8.7,289808.0
PROP00148,2096.0,8266.0,4,2.6,71,suburb_south,fair,2,0,11.4,360070.0
PROP00149,1307.0,2527.0,2,1.7,14,rural,fair,1,1,27.8,167182.0
PROP00150,1619.0,7067.0,3,1.9,58,suburb_south,excellent,2,0,6.2,331429.0
PROP00151,1859.0,9205.0,2,1.0,35,riverside,fair,3,1,5.2,457336.0
PROP00152,1447.0,8415.0,2,2.0,38,suburb_south,good,2,0,5.6,282523.0
PROP00153,1530.0,4059.0,3,2.4,88,suburb_south,fair,2,1,12.8,241855.0
PROP00154,2644.0,7077.0,3,1.2,44,downtown,good,1,0,1.1,507767.0
PROP00155,1688.0,5200.0,2,2.0,25,suburb_south,fair,2,1,12.8,308792.0
PROP00156,1602.0,8877.0,2,1.4,22,suburb_south,good,0,1,17.8,303311.0
PROP00157,1704.0,5979.0,3,2.1,16,downtown,good,2,0,2.5,409377.0
PROP00158,2050.0,6288.0,4,3.0,76,riverside,fair,3,1,7.2,386353.0
PROP00159,1231.0,6048.0,2,2.2,63,suburb_south,good,3,0,16.1,225997.0
PROP00160,2035.0,3988.0,3,2.4,25,suburb_north,excellent,0,1,4.0,446783.0
PROP00161,1941.0,7968.0,5,3.1,47,riverside,good,2,0,4.5,500476.0
PROP00162,816.0,3012.0,1,1.0,48,suburb_north,excellent,0,1,17.2,167432.0
PROP00163,2787.0,12331.0,4,1.7,4,suburb_south,good,2,1,12.8,524943.0
PROP00164,2603.0,12678.0,4,2.9,87,suburb_south,good,2,1,16.9,422013.0
PROP00165,1360.0,4304.0,2,2.0,75,downtown,good,2,1,2.8,1087554.0
PROP00166,1183.0,5292.0,2,1.2,51,suburb_north,excellent,1,1,14.5,270982.0
PROP00167,1925.0,7704.0,4,2.4,68,suburb_north,good,2,1,6.5,394187.0
PROP00168,1016.0,2400.0,2,1.3,10,suburb_north,good,2,0,8.2,231111.0
PROP00169,2550.0,14033.0,5,2.8,93,suburb_south,excellent,2,1,16.5,520517.0
PROP00170,1542.0,7663.0,3,2.4,61,downtown,excellent,2,0,0.5,452079.0
PROP00171,2692.0,15266.0,4,2.6,90,rural,good,2,1,16.8,363809.0
PROP00172,1347.0,6500.0,2,1.4,82,suburb_north,fair,1,0,16.3,196601.0
PROP00173,1738.0,4915.0,4,3.6,56,suburb_north,good,0,1,16.1,348353.0
PROP00174,2497.0,9010.0,3,1.4,27,rural,good,2,1,35.4,284857.0
PROP00175,1622.0,5555.0,4,2.7,65,suburb_south,good,2,1,5.4,307556.0
PROP00176,1950.0,3803.0,3,1.6,49,suburb_south,good,1,0,16.8,351532.0
PROP00177,2401.0,8462.0,4,2.4,39,suburb_south,good,0,0,11.4,413737.0
PROP00178,1494.0,4858.0,2,1.6,68,rural,fair,3,1,18.7,185286.0
PROP00179,1106.0,2009.0,1,1.3,85,downtown,good,2,1,2.3,225926.0
PROP00180,998.0,5347.0,2,1.4,16,downtown,good,2,1,0.9,333395.0
PROP00181,2121.0,5099.0,5,2.9,53,rural,good,2,1,29.6,285193.0
PROP00182,2014.0,7863.0,3,1.9,74,downtown,poor,3,0,1.9,409299.0
PROP00183,2384.0,12148.0,4,2.1,31,riverside,excellent,2,1,14.8,574282.0
PROP00184,1649.0,7155.0,3,2.3,32,suburb_south,fair,1,1,6.3,284356.0
PROP00185,1013.0,2544.0,2,1.6,0,suburb_south,excellent,2,0,6.6,246243.0
PROP00186,506.0,2225.0,2,1.7,31,riverside,good,3,1,11.4,206396.0
PROP00187,3377.0,16824.0,7,4.0,56,rural,fair,2,0,30.3,417078.0
PROP00188,2090.0,11265.0,3,1.9,93,downtown,excellent,0,0,1.2,464495.0
PROP00189,1875.0,5884.0,3,2.5,50,suburb_south,good,3,0,7.9,281753.0
PROP00190,1953.0,3794.0,4,2.9,27,riverside,good,2,1,11.3,434309.0
PROP00191,1013.0,4410.0,2,2.1,77,suburb_north,excellent,1,1,3.6,228386.0
PROP00192,1363.0,3746.0,1,1.1,18,rural,excellent,3,0,22.5,230658.0
PROP00193,2759.0,14015.0,4,3.0,17,suburb_south,good,2,1,11.3,496728.0
PROP00194,2162.0,10065.0,4,2.3,50,downtown,excellent,2,1,1.4,582680.0
PROP00195,1380.0,,3,1.9,78,rural,fair,3,0,22.7,186505.0
PROP00196,1125.0,6597.0,2,2.0,20,rural,fair,0,0,18.1,189617.0
PROP00197,1516.0,6451.0,3,2.3,1,downtown,poor,2,0,2.7,386909.0
PROP00198,1627.0,9108.0,3,1.9,69,riverside,fair,1,0,15.0,339470.0
PROP00199,2927.0,13160.0,4,2.1,56,suburb_north,good,2,1,15.6,625616.0
PROP00200,1696.0,4347.0,2,1.4,65,downtown,fair,3,1,1.5,438295.0
PROP00201,1146.0,5910.0,3,1.7,38,suburb_north,good,2,0,11.4,240547.0
PROP00202,1768.0,8334.0,3,2.7,11,rural,poor,2,1,21.5,209924.0
PROP00203,1945.0,11490.0,2,1.8,31,downtown,good,2,0,3.0,563483.0
PROP00204,1096.0,3093.0,2,1.2,45,downtown,good,1,0,0.6,248305.0
PROP00205,2021.0,6465.0,4,2.1,41,riverside,fair,1,0,13.6,367214.0
PROP00206,2465.0,12942.0,2,1.2,85,suburb_north,good,0,0,3.4,376398.0
PROP00207,1876.0,3872.0,3,1.8,21,downtown,good,2,0,1.9,471619.0
PROP00208,1362.0,6074.0,2,1.4,29,suburb_north,good,2,0,10.6,237482.0
PROP00209,1509.0,6110.0,1,1.4,17,riverside,excellent,2,0,12.8,347909.0
PROP00210,888.0,2228.0,1,1.0,54,suburb_south,excellent,1,1,8.1,164788.0
PROP00211,1726.0,4304.0,3,2.9,77,riverside,poor,2,1,,266341.0
PROP00212,1971.0,10255.0,3,1.6,84,downtown,good,2,0,2.8,470615.0
PROP00213,1307.0,2437.0,2,1.0,21,suburb_south,fair,3,1,16.8,236397.0
PROP00214,2867.0,14154.0,4,3.2,41,riverside,good,2,0,13.1,661742.0
PROP00215,2236.0,10905.0,3,2.5,70,suburb_north,good,2,1,6.8,443963.0
PROP00216,814.0,3686.0,1,1.0,4,downtown,good,2,0,2.1,259585.0
PROP00217,825.0,2904.0,2,1.7,68,suburb_north,excellent,1,1,3.8,201474.0
PROP00218,1259.0,2416.0,2,1.7,12,suburb_north,good,0,0,7.1,273379.0
PROP00219,2665.0,13771.0,4,2.6,3,suburb_north,good,2,0,4.6,551964.0
PROP00220,2290.0,5331.0,3,1.5,10,rural,good,2,1,21.7,285017.0
PROP00221,2693.0,8023.0,4,1.5,84,suburb_south,fair,0,1,12.6,392831.0
PROP00222,1806.0,10432.0,3,1.7,65,suburb_south,poor,1,1,11.0,222918.0
PROP00223,1685.0,5169.0,3,2.7,75,downtown,good,2,1,1.7,417261.0
PROP00224,1114.0,3199.0,1,1.7,66,suburb_south,good,0,0,11.5,162185.0
PROP00225,1992.0,11729.0,1,1.0,76,suburb_south,fair,1,1,6.5,260675.0
PROP00226,1692.0,3656.0,2,1.1,47,rural,good,2,0,22.9,216793.0
PROP00227,1671.0,4136.0,2,1.6,77,suburb_north,fair,3,1,14.0,279163.0
PROP00228,2690.0,9794.0,4,2.7,5,riverside,good,1,1,10.5,642106.0
PROP00229,1731.0,8842.0,3,2.2,55,suburb_north,good,1,0,9.6,332464.0
PROP00230,2532.0,13962.0,5,2.0,72,suburb_south,fair,0,1,10.9,368393.0
PROP00231,927.0,4611.0,1,2.3,95,rural,poor,0,0,33.0,60768.0
PROP00232,3278.0,,6,4.0,34,suburb_south,fair,2,0,7.7,528604.0
PROP00233,1595.0,2984.0,2,1.4,17,riverside,good,1,1,15.8,333827.0
PROP00234,2189.0,9636.0,3,1.7,69,rural,excellent,1,0,36.8,299498.0
PROP00235,2276.0,5209.0,2,1.9,6,rural,fair,3,0,24.2,319730.0
PROP00236,1526.0,8581.0,2,1.7,74,suburb_north,good,2,1,14.1,295174.0
PROP00237,2250.0,12889.0,3,2.0,67,suburb_north,good,0,0,,384120.0
PROP00238,2279.0,7003.0,5,3.2,66,suburb_south,good,1,0,12.6,321582.0
PROP00239,1408.0,7429.0,3,2.0,28,rural,fair,2,0,23.6,216088.0
PROP00240,1414.0,6288.0,3,2.2,11,suburb_south,fair,2,1,17.6,230615.0
PROP00241,1825.0,4055.0,3,2.3,58,suburb_north,excellent,3,0,8.6,409146.0
PROP00242,1736.0,7520.0,2,1.6,34,suburb_south,excellent,0,1,9.1,404693.0
PROP00243,2566.0,15138.0,3,2.1,37,downtown,good,2,0,1.4,637707.0
PROP00244,2186.0,6763.0,4,3.1,18,downtown,good,0,1,2.2,580084.0
PROP00245,1761.0,3178.0,4,1.9,32,downtown,poor,1,0,1.9,359823.0
PROP00246,2133.0,12590.0,4,2.2,79,downtown,poor,2,0,1.1,403042.0
PROP00247,674.0,2385.0,1,1.0,85,riverside,poor,2,1,6.6,126001.0
PROP00248,1462.0,5278.0,2,1.2,33,suburb_north,good,0,1,5.2,273337.0
PROP00249,1958.0,9385.0,3,1.8,13,downtown,fair,1,0,1.1,432218.0
PROP00250,2413.0,10469.0,5,3.5,3,suburb_south,fair,2,0,10.6,427787.0
PROP00251,1910.0,5861.0,4,2.4,18,suburb_north,poor,0,1,13.7,358718.0
PROP00252,2602.0,5776.0,4,1.8,0,suburb_north,poor,1,0,17.3,386485.0
PROP00253,2277.0,12011.0,4,2.3,64,suburb_north,good,1,0,13.3,430943.0
PROP00254,1531.0,5864.0,3,2.0,61,downtown,good,0,1,0.7,396692.0
PROP00255,1723.0,7968.0,3,2.0,75,suburb_south,good,2,1,6.7,317978.0
PROP00256,2025.0,10964.0,3,2.2,31,downtown,good,0,1,3.2,553768.0
PROP00257,1553.0,2911.0,2,1.7,79,suburb_north,good,2,1,,307015.0
PROP00258,2642.0,14292.0,5,2.9,16,suburb_north,good,2,1,14.8,573675.0
PROP00259,1190.0,5899.0,2,1.0,22,suburb_north,fair,0,0,5.8,218173.0
PROP00260,1974.0,11403.0,4,2.3,87,downtown,fair,2,1,1.8,435493.0
PROP00261,2204.0,6130.0,5,2.8,84,suburb_north,excellent,1,0,9.2,422052.0
PROP00262,1628.0,5135.0,3,1.9,57,suburb_north,good,2,1,7.8,387708.0
PROP00263,1504.0,6886.0,3,2.3,58,downtown,good,2,1,0.7,375320.0
PROP00264,1758.0,10000.0,5,3.2,67,rural,fair,2,0,21.0,235993.0
PROP00265,2247.0,13413.0,4,2.8,79,suburb_north,fair,1,1,5.1,347561.0
PROP00266,1525.0,5414.0,2,1.3,22,downtown,poor,2,1,0.9,336017.0
PROP00267,1212.0,4926.0,2,2.1,6,suburb_south,excellent,2,1,4.3,305212.0
PROP00268,2433.0,6122.0,5,3.3,17,downtown,good,1,0,1.2,654160.0
PROP00269,2020.0,9524.0,2,1.5,34,riverside,poor,0,0,7.6,362924.0
PROP00270,2354.0,,3,2.2,22,downtown,fair,0,1,1.5,609210.0
PROP00271,2218.0,11432.0,4,2.2,50,suburb_south,fair,1,1,11.3,402286.0
PROP00272,2999.0,9754.0,5,2.2,13,rural,fair,1,0,24.8,377142.0
PROP00273,2413.0,14106.0,4,2.3,55,downtown,good,3,0,3.6,547623.0
PROP00274,1402.0,,3,2.3,68,suburb_north,good,3,1,5.8,267528.0
PROP00275,2059.0,7978.0,3,2.0,9,suburb_south,excellent,0,0,14.2,424972.0
PROP00276,1493.0,6165.0,1,1.0,27,rural,good,3,0,24.3,210697.0
PROP00277,1550.0,6283.0,2,1.2,51,suburb_north,excellent,2,0,4.2,340048.0
PROP00278,1023.0,5098.0,2,1.0,6,suburb_south,excellent,2,1,8.2,254410.0
PROP00279,1643.0,7164.0,3,2.6,63,downtown,excellent,3,1,2.2,531979.0
PROP00280,2100.0,4460.0,3,1.9,72,suburb_south,excellent,2,1,,346639.0
PROP00281,1764.0,4508.0,2,1.3,34,suburb_north,fair,2,0,7.3,298937.0
PROP00282,1195.0,4822.0,2,1.2,0,suburb_south,fair,1,1,6.6,220912.0
PROP00283,962.0,4538.0,2,2.0,48,downtown,fair,1,0,3.9,224211.0
PROP00284,2962.0,11728.0,4,2.9,83,suburb_south,good,3,1,16.4,538878.0
PROP00285,1979.0,6517.0,3,1.6,28,suburb_north,good,1,0,11.7,371787.0
PROP00286,1347.0,2714.0,1,1.5,81,suburb_south,fair,0,1,14.0,173980.0
PROP00287,2054.0,10477.0,3,1.9,83,riverside,excellent,1,1,18.0,476494.0
PROP00288,3004.0,11680.0,5,2.8,26,riverside,good,2,1,9.2,672143.0
PROP00289,2141.0,8699.0,5,2.9,57,rural,good,1,0,29.5,288144.0
PROP00290,500.0,1885.0,1,1.0,4,suburb_south,good,3,1,,156260.0
PROP00291,3259.0,9498.0,5,2.5,52,suburb_south,fair,1,1,16.8,453104.0
PROP00292,783.0,2318.0,2,1.8,84,downtown,good,3,0,3.4,175681.0
PROP00293,1687.0,3487.0,3,1.9,90,rural,fair,2,1,29.4,183623.0
PROP00294,1177.0,5617.0,1,1.2,19,suburb_south,good,2,1,13.7,263276.0
PROP00295,1393.0,4098.0,4,2.6,63,suburb_north,fair,1,1,6.8,286230.0
PROP00296,1956.0,5974.0,3,2.2,6,suburb_north,fair,1,1,6.8,454348.0
PROP00297,661.0,3948.0,1,1.0,26,riverside,good,2,0,11.2,185940.0
PROP00298,1750.0,5986.0,3,1.7,80,riverside,good,2,1,13.4,342826.0
PROP00299,2431.0,9590.0,4,2.7,61,riverside,good,1,0,5.4,511760.0
PROP00300,1336.0,4573.0,3,1.5,37,suburb_south,excellent,3,0,7.7,288817.0
PROP00301,1035.0,3124.0,1,1.1,92,suburb_north,poor,2,1,13.7,124379.0
PROP00302,1723.0,3144.0,3,1.4,72,rural,excellent,0,1,39.9,212552.0
PROP00303,1614.0,8700.0,3,2.0,2,suburb_south,poor,2,1,15.7,281370.0
PROP00304,1473.0,5579.0,3,2.6,7,suburb_south,fair,2,1,9.8,267338.0
PROP00305,1146.0,5528.0,2,1.8,60,suburb_south,excellent,2,0,11.8,241517.0
PROP00306,2086.0,12154.0,3,1.3,84,suburb_south,good,0,1,4.2,284723.0
PROP00307,2127.0,3854.0,4,2.8,15,riverside,good,1,0,17.3,470025.0
PROP00308,1214.0,5627.0,2,2.2,51,suburb_south,good,1,1,16.6,238469.0
PROP00309,1290.0,2965.0,2,2.6,78,rural,good,1,1,28.2,158491.0
PROP00310,1875.0,6981.0,4,2.7,82,rural,good,0,1,22.0,225634.0
PROP00311,1269.0,6797.0,3,1.5,61,suburb_north,fair,2,1,14.9,268459.0
PROP00312,1898.0,3986.0,3,2.2,95,downtown,good,2,1,1.7,398217.0
PROP00313,2607.0,15528.0,4,3.1,89,suburb_south,excellent,1,1,11.7,407231.0
PROP00314,1767.0,7491.0,3,1.9,80,suburb_south,excellent,2,1,15.8,334632.0
PROP00315,1133.0,3919.0,2,1.9,64,suburb_south,good,0,0,10.6,150690.0
PROP00316,2016.0,3794.0,2,1.2,94,rural,good,1,1,32.6,196963.0
PROP00317,1702.0,7258.0,3,2.1,1,downtown,good,2,0,3.7,501450.0
PROP00318,1717.0,6659.0,3,1.0,8,suburb_north,good,3,1,16.8,363130.0
PROP00319,2061.0,5574.0,2,1.1,48,rural,excellent,1,1,,294494.0
PROP00320,2180.0,8415.0,4,2.5,64,rural,good,2,1,15.3,273043.0
PROP00321,1820.0,3374.0,3,1.9,86,suburb_north,good,3,1,9.5,349282.0
PROP00322,1767.0,10598.0,3,1.5,65,suburb_north,good,2,1,12.3,294177.0
PROP00323,2935.0,9377.0,5,2.8,22,suburb_north,poor,3,1,16.4,525742.0
PROP00324,2460.0,9390.0,4,2.6,87,suburb_south,excellent,1,0,5.4,421243.0
PROP00325,2258.0,11507.0,3,2.0,7,suburb_south,excellent,0,0,8.0,523401.0
PROP00326,1872.0,8974.0,2,1.5,9,suburb_north,fair,2,0,15.0,330933.0
PROP00327,1247.0,6898.0,3,2.3,69,suburb_north,poor,2,1,9.2,236664.0
PROP00328,2420.0,13924.0,4,2.4,92,suburb_south,good,1,1,12.1,362718.0
PROP00329,1879.0,4875.0,4,3.0,48,suburb_south,fair,0,1,11.4,261841.0
PROP00330,1483.0,5101.0,2,1.1,12,suburb_south,excellent,0,0,17.6,292471.0
PROP00331,1666.0,7805.0,3,2.8,4,suburb_north,poor,0,0,5.1,324600.0
PROP00332,1269.0,2524.0,1,1.4,94,suburb_north,fair,1,1,17.2,649058.0
PROP00333,2382.0,11460.0,3,1.9,26,suburb_north,poor,3,1,11.5,430921.0
PROP00334,2176.0,3961.0,4,2.4,61,rural,good,1,0,27.8,283311.0
PROP00335,1900.0,10714.0,4,2.6,31,suburb_north,good,2,0,4.8,382153.0
PROP00336,1776.0,,4,2.7,20,suburb_south,excellent,0,0,12.6,147686.0
PROP00337,1426.0,5954.0,2,1.9,64,suburb_south,excellent,1,1,15.6,267015.0
PROP00338,628.0,2262.0,1,1.0,70,rural,good,3,1,34.6,65661.0
PROP00339,1023.0,6087.0,1,1.2,45,suburb_north,fair,1,1,3.1,204079.0
PROP00340,1392.0,6812.0,2,1.0,48,suburb_north,fair,1,1,9.8,248703.0
PROP00341,1309.0,6795.0,4,2.4,46,riverside,excellent,2,1,4.7,427543.0
PROP00342,1959.0,10317.0,4,3.1,56,downtown,fair,0,0,2.0,415428.0
PROP00343,2246.0,4249.0,4,1.9,77,suburb_south,excellent,0,0,13.6,356736.0
PROP00344,1729.0,3509.0,3,1.4,68,suburb_north,excellent,3,0,17.3,319358.0
PROP00345,2575.0,,4,2.6,26,rural,good,1,1,16.1,420131.0
PROP00346,1369.0,6232.0,3,2.6,23,riverside,good,2,1,4.5,354552.0
PROP00347,1725.0,7626.0,2,1.6,64,downtown,excellent,0,1,1.0,484809.0
PROP00348,1772.0,5610.0,3,1.2,61,riverside,good,1,1,8.7,339748.0
PROP00349,2401.0,14134.0,3,1.3,35,riverside,good,2,0,4.9,560663.0
PROP00350,1858.0,4071.0,3,2.0,80,suburb_south,good,2,0,15.7,288970.0
PROP00351,1873.0,9482.0,3,1.5,40,suburb_north,good,1,1,5.9,416178.0
PROP00352,890.0,3400.0,1,1.1,32,downtown,good,3,1,1.9,296224.0
PROP00353,1305.0,4645.0,2,1.6,53,suburb_south,excellent,2,0,13.9,249665.0
PROP00354,2403.0,4583.0,4,2.3,18,suburb_north,good,2,1,4.9,475982.0
PROP00355,659.0,3201.0,1,1.7,66,rural,good,2,1,32.5,88589.0
PROP00356,2539.0,12798.0,4,2.7,86,suburb_north,poor,2,1,10.7,355252.0
PROP00357,2075.0,,3,2.5,90,suburb_south,excellent,2,1,4.2,312787.0
PROP00358,1389.0,,2,1.9,42,suburb_north,good,0,0,11.3,220327.0
PROP00359,1342.0,5834.0,2,1.4,25,suburb_south,good,2,0,10.2,224042.0
PROP00360,2843.0,9507.0,5,2.9,45,downtown,poor,2,0,3.8,568778.0
PROP00361,2576.0,11297.0,3,1.9,9,suburb_north,excellent,3,0,6.3,703830.0
PROP00362,1734.0,6283.0,4,2.8,64,downtown,good,3,1,,376154.0
PROP00363,1874.0,10284.0,3,1.7,41,suburb_south,good,0,1,12.9,310067.0
PROP00364,1445.0,6962.0,3,2.7,11,suburb_north,fair,1,1,3.5,322621.0
PROP00365,1874.0,4243.0,2,1.2,52,riverside,fair,2,0,4.7,402419.0
PROP00366,1429.0,7371.0,3,2.1,68,downtown,fair,2,0,1.5,298866.0
PROP00367,1757.0,5653.0,3,1.9,21,suburb_south,fair,2,1,4.6,336623.0
PROP00368,2796.0,16019.0,4,2.3,38,suburb_south,good,0,0,3.6,480041.0
PROP00369,1747.0,7572.0,2,2.4,85,downtown,good,2,0,1.0,466423.0
PROP00370,1224.0,2345.0,2,1.3,68,downtown,good,3,0,3.1,285985.0
PROP00371,1048.0,5119.0,2,1.4,76,suburb_north,good,3,0,11.0,197097.0
PROP00372,1870.0,4393.0,3,1.7,43,suburb_south,good,0,0,6.8,312849.0
PROP00373,1382.0,7580.0,2,1.5,47,rural,fair,3,0,30.5,164850.0
PROP00374,1936.0,11196.0,3,2.0,47,downtown,excellent,0,1,2.5,571937.0
PROP00375,909.0,4291.0,1,1.0,43,riverside,good,2,0,13.9,183004.0
PROP00376,2180.0,8803.0,3,1.8,13,suburb_south,good,1,1,17.6,336228.0
PROP00377,1217.0,5268.0,2,1.7,3,suburb_south,excellent,2,1,3.3,310601.0
PROP00378,1825.0,6572.0,3,2.4,79,suburb_south,good,0,1,5.1,316339.0
PROP00379,1614.0,3472.0,3,2.0,51,rural,good,1,1,38.5,189997.0
PROP00380,2745.0,15650.0,4,2.5,51,suburb_south,good,1,0,8.0,481534.0
PROP00381,1894.0,6028.0,3,1.9,57,riverside,excellent,3,0,4.0,422431.0
PROP00382,2870.0,8937.0,5,2.8,39,suburb_north,excellent,2,1,7.5,691642.0
PROP00383,2108.0,5488.0,2,1.1,85,riverside,fair,2,1,4.3,399260.0
PROP00384,2584.0,15422.0,4,1.9,45,rural,good,2,0,30.4,345928.0
PROP00385,1685.0,9704.0,2,1.2,48,rural,excellent,1,1,37.6,239877.0
PROP00386,1990.0,6503.0,2,1.9,51,suburb_north,excellent,0,1,12.6,357881.0
PROP00387,2470.0,7143.0,4,2.3,15,riverside,fair,0,1,8.8,461148.0
PROP00388,2298.0,11910.0,4,2.4,16,downtown,good,2,1,3.3,611801.0
PROP00389,2092.0,7479.0,3,1.9,17,suburb_south,good,3,1,12.5,420702.0
PROP00390,1620.0,9501.0,2,2.0,24,suburb_north,fair,1,1,14.9,328225.0
PROP00391,1713.0,9567.0,4,2.1,15,suburb_south,good,2,1,10.7,346627.0
PROP00392,2426.0,12105.0,3,2.1,21,suburb_north,good,2,1,17.4,521045.0
PROP00393,2540.0,5531.0,4,2.5,90,downtown,fair,3,1,1.1,585977.0
PROP00394,1474.0,7000.0,2,1.5,34,suburb_north,fair,1,0,12.1,262771.0
PROP00395,1391.0,8272.0,2,1.6,76,downtown,excellent,3,1,0.9,397921.0
PROP00396,1303.0,4388.0,2,1.5,37,suburb_north,excellent,2,1,16.4,294529.0
PROP00397,2256.0,12414.0,3,2.3,79,riverside,excellent,2,1,17.2,516772.0
PROP00398,1289.0,4530.0,2,1.5,72,riverside,excellent,2,0,8.9,293577.0
PROP00399,2250.0,13229.0,5,3.7,80,riverside,excellent,1,1,13.5,625097.0
PROP00400,2100.0,9545.0,4,2.5,27,riverside,good,2,0,7.4,533685.0
PROP00401,1500.0,3308.0,3,1.3,9,suburb_north,fair,2,1,12.7,326488.0
PROP00402,2660.0,10140.0,3,2.3,29,suburb_south,excellent,2,0,5.8,510690.0
PROP00403,996.0,2001.0,1,1.2,67,suburb_south,good,2,1,9.3,154687.0
PROP00404,2713.0,9385.0,5,3.0,62,downtown,good,2,1,2.6,671830.0
PROP00405,1975.0,11148.0,4,2.4,67,suburb_south,excellent,0,0,15.2,395244.0
PROP00406,660.0,1832.0,2,1.0,95,riverside,fair,1,1,10.4,113518.0
PROP00407,2676.0,15500.0,5,2.2,21,suburb_south,excellent,3,1,5.2,472880.0
PROP00408,2335.0,5183.0,4,3.2,42,riverside,good,2,0,9.0,617551.0
PROP00409,1564.0,7182.0,4,2.3,47,downtown,poor,3,0,2.9,344295.0
PROP00410,1269.0,7431.0,2,1.9,14,riverside,excellent,1,0,4.0,396555.0
PROP00411,937.0,4261.0,1,1.0,63,suburb_north,good,2,1,16.6,147827.0
PROP00412,3128.0,17441.0,5,2.6,4,rural,good,2,1,17.2,464302.0
PROP00413,1292.0,7703.0,1,1.3,86,suburb_north,good,2,0,4.3,234396.0
PROP00414,1105.0,4968.0,2,1.5,8,suburb_south,fair,1,0,13.8,187458.0
PROP00415,1947.0,9901.0,2,1.7,10,suburb_south,fair,0,1,4.1,264205.0
PROP00416,899.0,1739.0,1,1.0,16,suburb_north,poor,3,0,8.9,174038.0
PROP00417,1260.0,4529.0,2,1.4,85,suburb_north,fair,2,1,6.5,206597.0
PROP00418,2347.0,7066.0,4,2.2,82,suburb_north,fair,1,0,5.5,417909.0
PROP00419,2055.0,10813.0,4,2.0,88,suburb_south,good,2,1,11.0,337984.0
PROP00420,1587.0,7373.0,2,2.1,79,rural,fair,1,1,18.4,181302.0
PROP00421,1810.0,7929.0,4,3.1,88,suburb_north,good,1,1,,352174.0
PROP00422,1557.0,8894.0,3,1.6,45,suburb_south,fair,1,0,15.3,269308.0
PROP00423,1766.0,3838.0,3,1.6,0,rural,fair,1,1,25.5,228979.0
PROP00424,1381.0,8018.0,1,1.0,42,suburb_south,excellent,2,1,15.1,300512.0
PROP00425,1481.0,3293.0,2,1.6,21,riverside,excellent,1,1,17.3,365885.0
PROP00426,1464.0,4769.0,3,1.9,23,suburb_north,excellent,2,0,16.9,340965.0
PROP00427,1401.0,6230.0,2,1.7,66,suburb_north,poor,2,0,15.5,209692.0
PROP00428,2374.0,7678.0,4,2.5,16,downtown,good,0,1,0.5,645146.0
PROP00429,2224.0,10379.0,4,2.5,30,downtown,fair,1,1,2.2,541513.0
PROP00430,1287.0,6508.0,1,2.0,37,suburb_south,good,1,1,13.9,218753.0
PROP00431,1143.0,6035.0,2,1.3,5,riverside,excellent,2,1,15.7,299266.0
PROP00432,1713.0,4374.0,4,3.2,67,downtown,good,3,1,0.8,436870.0
PROP00433,2985.0,7656.0,6,4.1,73,rural,excellent,2,1,32.9,470633.0
PROP00434,1235.0,2494.0,2,1.7,53,suburb_north,good,2,1,15.4,248064.0
PROP00435,1711.0,6607.0,4,1.7,2,suburb_north,fair,2,0,13.6,353641.0
PROP00436,1849.0,4396.0,2,1.5,75,rural,fair,2,0,23.0,197267.0
PROP00437,1740.0,5460.0,2,1.3,42,rural,excellent,2,1,39.6,252210.0
PROP00438,1548.0,8251.0,4,2.5,25,suburb_south,good,2,0,9.9,288782.0
PROP00439,2435.0,14085.0,4,2.1,90,suburb_north,poor,1,1,3.5,378423.0
PROP00440,2050.0,10768.0,3,2.3,82,downtown,fair,0,0,1.0,435142.0
PROP00441,2265.0,4083.0,4,2.9,42,suburb_north,excellent,2,0,11.1,473273.0
PROP00442,2124.0,8890.0,3,2.5,42,riverside,fair,2,1,3.7,472866.0
PROP00443,2292.0,5730.0,4,2.3,87,suburb_north,excellent,1,1,16.7,376562.0
PROP00444,2671.0,9023.0,4,2.1,18,suburb_south,good,3,1,9.8,508303.0
PROP00445,2532.0,9108.0,4,2.6,39,suburb_north,fair,0,0,13.5,426799.0
PROP00446,3079.0,17736.0,4,3.2,54,suburb_south,good,2,0,5.2,597078.0
PROP00447,2470.0,11020.0,4,2.5,33,suburb_north,good,3,1,15.7,497260.0
PROP00448,1432.0,4187.0,2,1.7,30,suburb_south,good,1,1,10.2,287599.0
PROP00449,2266.0,10196.0,3,1.9,10,suburb_south,poor,3,0,11.4,333949.0
PROP00450,2191.0,12703.0,4,2.3,25,rural,fair,2,1,18.5,250566.0
PROP00451,2856.0,5850.0,6,3.8,34,rural,excellent,2,0,20.1,440330.0
PROP00452,1268.0,6628.0,3,2.0,80,suburb_south,good,3,1,11.4,231855.0
PROP00453,2107.0,5712.0,4,2.7,32,downtown,good,2,0,2.2,538238.0
PROP00454,1425.0,3481.0,2,1.7,15,rural,fair,2,1,22.3,203837.0
PROP00455,2082.0,11608.0,3,2.1,81,rural,good,2,0,35.9,236300.0
PROP00456,1682.0,3041.0,3,2.2,33,rural,good,1,1,17.4,234798.0
PROP00457,2064.0,10140.0,3,1.7,88,suburb_south,fair,1,1,8.3,275597.0
PROP00458,1024.0,2218.0,3,1.6,10,downtown,excellent,0,0,2.7,275721.0
PROP00459,2236.0,9829.0,2,1.5,2,riverside,excellent,1,0,7.7,572309.0
PROP00460,1913.0,8432.0,3,2.0,88,suburb_north,fair,2,1,8.4,298972.0
PROP00461,1884.0,10218.0,4,2.3,9,suburb_north,excellent,3,1,7.8,537914.0
PROP00462,2873.0,15097.0,4,2.6,0,suburb_north,good,3,1,15.7,506073.0
PROP00463,1590.0,7438.0,2,1.9,61,suburb_south,good,1,1,11.4,277753.0
PROP00464,1988.0,6756.0,4,3.0,30,suburb_north,fair,2,0,17.5,432217.0
PROP00465,1855.0,4635.0,4,3.1,46,suburb_south,excellent,2,1,4.3,392349.0
PROP00466,1909.0,8533.0,2,1.0,39,suburb_south,good,1,0,12.2,318768.0
PROP00467,3022.0,11747.0,4,2.0,28,suburb_south,excellent,2,1,4.4,633019.0
PROP00468,1835.0,3904.0,2,1.4,46,downtown,fair,1,1,3.2,410928.0
PROP00469,1488.0,8650.0,1,1.0,24,rural,fair,3,1,39.5,186025.0
PROP00470,2829.0,8828.0,4,2.4,21,suburb_north,excellent,1,0,13.2,556669.0
PROP00471,1631.0,2950.0,2,1.3,21,suburb_north,good,2,0,14.2,336520.0
PROP00472,917.0,5123.0,2,1.4,11,suburb_south,poor,3,1,6.6,156602.0
PROP00473,1393.0,5883.0,2,1.7,50,suburb_north,excellent,2,0,5.9,328700.0
PROP00474,1114.0,5435.0,2,1.0,52,suburb_south,fair,1,1,9.3,178702.0
PROP00475,810.0,1977.0,1,1.9,1,downtown,excellent,1,1,1.7,312244.0
PROP00476,1600.0,5599.0,3,2.0,44,rural,excellent,3,0,24.1,239728.0
PROP00477,1761.0,7941.0,4,2.9,70,downtown,poor,0,0,1.2,362864.0
PROP00478,2449.0,6990.0,3,1.8,0,rural,good,0,1,15.1,360695.0
PROP00479,2146.0,10186.0,5,3.2,28,suburb_south,excellent,3,1,17.7,463136.0
PROP00480,2121.0,5899.0,4,2.5,92,downtown,excellent,2,0,1.8,501252.0
PROP00481,1309.0,3506.0,2,1.8,40,suburb_south,good,2,0,16.7,226956.0
PROP00482,2287.0,4228.0,4,2.4,1,suburb_north,good,1,0,14.7,549249.0
PROP00483,2565.0,7654.0,4,3.1,50,rural,good,2,1,22.6,314584.0
PROP00484,2017.0,5721.0,5,2.4,39,riverside,fair,2,1,15.5,466674.0
PROP00485,2032.0,10181.0,4,2.9,20,suburb_south,good,1,1,10.2,418073.0
PROP00486,1104.0,4629.0,2,1.5,7,suburb_north,fair,1,1,13.6,269553.0
PROP00487,2380.0,,4,2.1,84,rural,fair,0,1,32.8,263897.0
PROP00488,2779.0,11633.0,5,3.8,78,suburb_south,good,2,1,16.3,473615.0
PROP00489,1978.0,5433.0,3,2.7,65,suburb_south,excellent,1,0,14.4,383749.0
PROP00490,1473.0,5284.0,2,1.0,1,suburb_north,fair,2,1,15.4,307975.0
PROP00491,1711.0,9463.0,5,3.1,83,suburb_north,fair,1,1,7.8,327574.0
PROP00492,1569.0,7564.0,1,1.3,45,riverside,poor,1,1,17.6,294973.0
PROP00493,1602.0,7264.0,3,2.2,45,suburb_south,fair,3,1,12.9,286932.0
PROP00494,2156.0,6430.0,4,3.1,84,riverside,excellent,3,0,14.6,476807.0
PROP00495,1954.0,4540.0,3,2.5,41,suburb_south,good,2,1,15.9,331345.0
PROP00496,2352.0,11672.0,4,2.6,22,suburb_south,fair,3,1,4.9,445543.0
PROP00497,2004.0,8387.0,3,2.9,22,suburb_south,excellent,1,1,8.0,403230.0
PROP00498,1325.0,5851.0,2,1.9,88,riverside,poor,2,1,15.5,202468.0
PROP00499,1525.0,8991.0,3,1.9,52,suburb_north,good,1,1,16.8,276594.0
PROP00500,1490.0,4862.0,2,1.3,55,rural,excellent,2,1,39.5,210308.0
PROP00501,1697.0,8762.0,4,3.0,56,suburb_north,good,2,1,10.2,335680.0
PROP00502,2787.0,11559.0,4,2.2,21,suburb_south,fair,2,0,6.8,417010.0
PROP00503,2875.0,8016.0,5,2.8,40,rural,good,0,1,24.5,349010.0
PROP00504,2260.0,4570.0,3,1.9,91,riverside,good,1,1,9.0,409942.0
PROP00505,1865.0,8182.0,4,2.6,13,suburb_north,good,3,1,16.3,134555.0
PROP00506,1051.0,3206.0,2,1.4,91,riverside,fair,2,1,11.5,188110.0
PROP00507,1921.0,9069.0,3,1.5,26,suburb_north,excellent,1,0,8.9,422483.0
PROP00508,1365.0,6474.0,1,1.5,28,downtown,good,1,1,3.1,371473.0
PROP00509,2697.0,10014.0,4,2.3,1,riverside,good,1,0,17.0,631337.0
PROP00510,917.0,3716.0,3,2.8,63,riverside,excellent,1,1,12.2,261738.0
PROP00511,2011.0,8912.0,3,2.1,30,downtown,excellent,1,0,2.0,474313.0
PROP00512,1319.0,,3,2.5,44,rural,good,2,0,15.6,177502.0
PROP00513,1795.0,9845.0,2,1.8,55,suburb_north,fair,2,0,10.0,326203.0
PROP00514,2166.0,4590.0,4,3.0,60,rural,poor,2,0,37.1,218448.0
PROP00515,2362.0,13972.0,3,2.2,91,riverside,good,0,0,14.0,479548.0
PROP00516,1767.0,3429.0,2,1.6,53,rural,poor,0,1,39.0,141167.0
PROP00517,2219.0,5934.0,3,2.4,17,riverside,good,1,0,10.4,478745.0
PROP00518,1436.0,6857.0,2,2.5,67,rural,good,3,0,34.7,174846.0
PROP00519,1935.0,4173.0,3,1.9,5,suburb_south,good,2,0,10.0,372757.0
PROP00520,2351.0,6821.0,4,2.8,80,suburb_north,fair,0,0,11.5,160137.0
PROP00521,1983.0,4852.0,2,1.5,28,suburb_north,excellent,2,0,13.2,438011.0
PROP00522,1509.0,7302.0,2,1.7,69,riverside,good,2,1,5.1,329388.0
PROP00523,1647.0,6969.0,2,1.5,15,downtown,good,2,1,0.7,505357.0
PROP00524,2359.0,4885.0,4,1.6,39,rural,good,2,0,30.1,1277711.0
PROP00525,1199.0,4475.0,3,1.9,66,suburb_north,fair,3,1,16.6,201789.0
PROP00526,1281.0,3428.0,2,1.9,59,rural,good,0,0,20.2,151783.0
PROP00527,2131.0,12497.0,4,2.2,0,suburb_south,poor,2,1,4.1,379891.0
PROP00528,1558.0,3511.0,4,2.9,3,riverside,good,2,1,17.0,433954.0
PROP00529,1001.0,4316.0,2,1.6,94,rural,fair,2,0,25.6,89511.0
PROP00530,2543.0,9724.0,3,1.9,50,suburb_north,fair,1,0,17.7,423884.0
PROP00531,1195.0,5052.0,2,1.9,82,suburb_south,fair,2,1,15.4,155236.0
PROP00532,1690.0,9831.0,2,1.8,6,suburb_north,poor,0,0,4.8,287950.0
PROP00533,1459.0,4718.0,2,1.7,47,riverside,excellent,2,0,4.5,323373.0
PROP00534,1636.0,8090.0,2,1.9,55,riverside,excellent,2,1,17.7,415765.0
PROP00535,1313.0,4831.0,2,1.6,88,suburb_north,poor,1,1,6.8,163536.0
PROP00536,2193.0,10033.0,3,1.3,68,downtown,poor,3,0,3.1,407369.0
PROP00537,1861.0,6208.0,4,2.3,60,suburb_north,good,2,1,6.5,380620.0
PROP00538,2341.0,6447.0,5,2.3,28,downtown,poor,2,0,2.0,472899.0
PROP00539,1465.0,3151.0,3,2.3,95,riverside,good,3,0,15.6,262684.0
PROP00540,2973.0,6622.0,5,3.4,31,suburb_north,fair,2,1,12.9,530690.0
PROP00541,752.0,4384.0,1,1.4,26,rural,good,0,1,15.5,132901.0
PROP00542,928.0,4743.0,1,1.2,69,rural,excellent,2,1,15.1,133361.0
PROP00543,2764.0,7819.0,5,3.4,95,rural,fair,2,1,26.9,317982.0
PROP00544,2061.0,8290.0,2,1.0,82,suburb_south,excellent,2,1,6.0,352156.0
PROP00545,1988.0,9542.0,2,1.5,17,suburb_north,excellent,3,1,14.4,509273.0
PROP00546,2037.0,6683.0,3,1.4,78,riverside,excellent,2,1,12.4,460774.0
PROP00547,2114.0,7712.0,4,2.4,33,riverside,good,0,0,3.1,444416.0
PROP00548,1965.0,9466.0,3,2.6,21,rural,excellent,2,1,34.1,321695.0
PROP00549,1269.0,3496.0,3,2.4,89,suburb_north,good,2,0,9.7,214740.0
PROP00550,2250.0,9024.0,4,2.8,91,downtown,excellent,1,1,3.2,626072.0
PROP00551,2163.0,5802.0,3,1.9,35,rural,fair,0,0,35.9,242319.0
PROP00552,2586.0,4688.0,5,2.6,2,riverside,good,1,1,8.6,543704.0
PROP00553,2770.0,13017.0,6,3.6,20,suburb_north,good,2,1,7.6,619488.0
PROP00554,1982.0,9455.0,4,2.9,51,riverside,poor,0,1,7.5,409600.0
PROP00555,1125.0,6730.0,1,1.2,5,downtown,fair,1,0,3.4,324787.0
PROP00556,2775.0,7105.0,4,1.9,21,suburb_south,fair,0,0,12.7,392541.0
PROP00557,1240.0,6084.0,1,1.0,14,suburb_north,good,2,1,5.0,282095.0
PROP00558,1986.0,11482.0,3,1.2,91,suburb_north,fair,0,1,13.6,302159.0
PROP00559,1659.0,7478.0,2,1.8,34,suburb_north,fair,0,1,13.9,297012.0
PROP00560,1563.0,9136.0,2,1.2,36,suburb_north,fair,2,0,10.7,296474.0
PROP00561,2220.0,13268.0,4,2.0,40,suburb_south,good,1,0,17.9,375967.0
PROP00562,1934.0,9993.0,2,1.8,1,suburb_north,fair,1,1,7.3,361038.0
PROP00563,2082.0,12486.0,2,1.7,52,suburb_south,fair,2,0,3.9,361547.0
PROP00564,1351.0,5983.0,2,1.6,87,suburb_south,fair,0,1,3.4,175062.0
PROP00565,1704.0,6625.0,3,2.9,78,riverside,good,0,1,7.8,329524.0
PROP00566,1377.0,7786.0,2,1.8,24,suburb_south,poor,1,0,10.5,191234.0
PROP00567,1691.0,8945.0,3,1.7,1,suburb_north,excellent,1,0,4.2,444221.0
PROP00568,1735.0,3925.0,2,1.7,74,downtown,fair,2,0,0.6,350960.0
PROP00569,2814.0,8643.0,4,2.4,80,riverside,fair,3,1,16.5,566199.0
PROP00570,1657.0,4797.0,2,2.0,88,rural,good,1,1,35.4,167297.0
PROP00571,631.0,3402.0,1,1.1,55,rural,excellent,2,0,20.2,81940.0
PROP00572,2567.0,7135.0,4,2.7,45,rural,good,3,1,28.3,340080.0
PROP00573,2047.0,6299.0,3,1.4,72,suburb_south,fair,2,0,14.0,289352.0
PROP00574,1728.0,6876.0,3,2.0,66,rural,good,2,1,36.2,219896.0
PROP00575,1560.0,3307.0,3,2.0,72,suburb_north,good,2,1,9.0,252624.0
PROP00576,1279.0,7466.0,2,1.1,27,riverside,good,2,0,7.6,324936.0
PROP00577,2866.0,11070.0,4,2.4,86,rural,excellent,3,0,31.3,364010.0
PROP00578,1829.0,4755.0,4,2.7,3,riverside,excellent,0,1,11.4,481329.0
PROP00579,844.0,2479.0,2,1.5,8,suburb_north,good,3,0,10.1,243080.0
PROP00580,1980.0,10201.0,3,1.4,62,suburb_north,poor,2,0,4.8,245550.0
PROP00581,2463.0,10992.0,4,2.4,54,suburb_north,good,2,1,7.0,497522.0
PROP00582,1886.0,7075.0,4,2.3,53,suburb_north,excellent,2,1,14.8,428645.0
PROP00583,1304.0,4163.0,3,2.1,87,riverside,excellent,1,1,6.8,277592.0
PROP00584,1255.0,7007.0,2,1.5,83,riverside,fair,0,1,9.4,213914.0
PROP00585,1295.0,6533.0,3,1.8,69,suburb_north,fair,3,1,5.4,274679.0
PROP00586,2637.0,12700.0,3,1.8,15,riverside,fair,2,0,5.5,643879.0
PROP00587,1761.0,6469.0,3,2.0,9,suburb_north,excellent,3,0,14.3,465010.0
PROP00588,877.0,5193.0,1,1.4,13,suburb_south,good,1,1,4.0,236147.0
PROP00589,2011.0,9617.0,3,2.1,58,suburb_north,fair,1,0,7.3,325234.0
PROP00590,1878.0,6722.0,4,3.1,68,suburb_south,fair,1,1,17.7,256831.0
PROP00591,1553.0,9061.0,3,2.5,76,riverside,fair,1,0,10.1,293847.0
PROP00592,1239.0,6891.0,1,1.6,9,riverside,excellent,2,0,12.1,377148.0
PROP00593,1215.0,5963.0,1,1.5,26,riverside,good,3,1,12.6,266955.0
PROP00594,2398.0,12041.0,5,3.6,32,suburb_north,fair,3,1,5.9,449026.0
PROP00595,1936.0,6929.0,3,1.5,60,suburb_south,good,2,0,8.5,301709.0
PROP00596,2063.0,8109.0,4,2.8,4,suburb_north,good,1,1,9.0,469267.0
PROP00597,1935.0,5040.0,3,2.5,80,suburb_south,good,2,0,6.5,317542.0
PROP00598,1980.0,8515.0,3,2.6,7,suburb_south,excellent,2,0,6.5,412479.0
PROP00599,1542.0,5171.0,2,1.2,50,suburb_south,fair,2,1,12.1,252203.0
PROP00600,1687.0,5498.0,3,2.3,89,rural,poor,2,1,25.4,149027.0
PROP00601,2441.0,14115.0,3,2.0,18,suburb_north,poor,0,0,4.9,376046.0
PROP00602,2578.0,6425.0,4,3.2,65,riverside,good,0,0,11.6,462132.0
PROP00603,1128.0,5962.0,1,1.0,52,suburb_north,excellent,3,1,9.7,260158.0
PROP00604,1685.0,5025.0,1,1.0,78,suburb_south,fair,2,1,12.2,222194.0
PROP00605,2262.0,4344.0,3,1.3,56,riverside,good,3,0,3.4,1701300.0
PROP00606,2835.0,5585.0,4,2.6,81,riverside,good,1,0,13.6,539545.0
PROP00607,2780.0,10015.0,4,3.4,38,rural,excellent,2,0,32.9,409129.0
PROP00608,1362.0,5051.0,2,1.5,15,riverside,good,1,1,10.9,387411.0
PROP00609,2501.0,7866.0,5,3.0,65,suburb_north,fair,3,1,15.6,457088.0
PROP00610,1832.0,8443.0,3,2.2,92,rural,good,1,0,21.6,205597.0
PROP00611,2374.0,9112.0,4,2.5,41,rural,excellent,2,0,34.2,334690.0
PROP00612,2234.0,4717.0,4,2.6,78,suburb_north,good,1,0,8.7,350679.0
PROP00613,1105.0,3604.0,2,1.7,84,downtown,excellent,0,1,2.1,260699.0
PROP00614,2102.0,4684.0,4,2.2,61,suburb_north,good,1,1,16.0,391989.0
PROP00615,2353.0,4857.0,4,2.5,75,riverside,good,2,1,8.0,415243.0
PROP00616,1789.0,4785.0,3,2.3,54,rural,fair,2,1,15.8,204950.0
PROP00617,1665.0,7896.0,1,1.4,77,riverside,good,3,0,16.3,308030.0
PROP00618,936.0,4421.0,3,2.5,32,suburb_north,fair,2,1,6.8,203529.0
PROP00619,2176.0,11789.0,5,3.1,50,downtown,fair,2,0,3.8,508858.0
PROP00620,1915.0,9531.0,3,2.1,7,suburb_south,poor,2,0,7.9,307832.0
PROP00621,1293.0,5235.0,1,1.3,18,suburb_north,good,0,1,17.3,257324.0
PROP00622,1621.0,5046.0,3,1.8,55,downtown,excellent,2,1,3.2,471207.0
PROP00623,1885.0,3439.0,3,1.7,69,downtown,fair,2,0,1.4,366898.0
PROP00624,1493.0,6745.0,3,2.0,2,downtown,good,2,1,1.3,451213.0
PROP00625,1801.0,5433.0,2,1.0,6,suburb_north,poor,0,1,17.7,261796.0
PROP00626,838.0,2389.0,3,2.2,0,riverside,good,1,1,17.9,264112.0
PROP00627,2542.0,14983.0,3,2.4,49,suburb_north,fair,1,1,14.9,450705.0
PROP00628,1809.0,4580.0,3,1.7,32,suburb_north,good,3,0,4.6,337007.0
PROP00629,1195.0,2314.0,1,1.2,5,suburb_south,excellent,2,1,10.0,277816.0
PROP00630,500.0,2894.0,1,1.0,76,rural,good,2,0,31.3,38608.0
PROP00631,2366.0,7300.0,4,2.1,50,riverside,good,2,0,12.6,512404.0
PROP00632,2107.0,7274.0,4,3.3,0,suburb_south,good,2,0,,425334.0
PROP00633,1916.0,4100.0,3,1.6,65,riverside,fair,1,1,15.0,331857.0
PROP00634,2275.0,7956.0,4,2.0,87,riverside,fair,0,1,7.7,435434.0
PROP00635,2273.0,13373.0,3,2.1,40,suburb_south,fair,2,1,5.9,406715.0
PROP00636,1907.0,8991.0,3,2.1,91,suburb_south,good,1,1,7.8,287730.0
PROP00637,1660.0,6292.0,2,1.8,40,suburb_south,excellent,1,1,13.4,299853.0
PROP00638,1571.0,4857.0,3,2.8,7,suburb_south,good,2,1,10.2,317289.0
PROP00639,2032.0,6782.0,4,2.2,11,suburb_north,good,1,1,3.7,390159.0
PROP00640,2568.0,11215.0,5,2.8,6,suburb_north,fair,3,0,14.1,510730.0
PROP00641,1743.0,5000.0,3,2.6,28,suburb_north,fair,2,0,3.7,371114.0
PROP00642,2612.0,6369.0,5,3.4,36,suburb_north,excellent,3,1,9.1,670318.0
PROP00643,2005.0,9472.0,3,2.3,42,suburb_south,fair,3,1,9.9,319203.0
PROP00644,2009.0,10953.0,4,2.3,46,suburb_south,good,1,0,10.5,379579.0
PROP00645,3123.0,17447.0,6,4.0,82,downtown,poor,1,1,2.6,596165.0
PROP00646,2709.0,14450.0,3,2.3,1,suburb_north,fair,2,0,14.2,412984.0
PROP00647,2723.0,10970.0,5,3.1,86,suburb_north,fair,0,0,,416820.0
PROP00648,1361.0,6959.0,3,1.8,22,riverside,excellent,3,0,13.5,375865.0
PROP00649,3006.0,17106.0,6,3.5,91,suburb_north,fair,0,0,17.3,533194.0
PROP00650,1755.0,3331.0,3,2.7,12,downtown,good,2,0,1.5,440838.0
PROP00651,1675.0,5914.0,3,1.6,9,downtown,fair,2,1,1.6,453977.0
PROP00652,612.0,1626.0,1,1.0,11,suburb_south,good,3,1,4.0,171634.0
PROP00653,1979.0,11847.0,3,1.7,28,suburb_north,good,2,0,13.8,354145.0
PROP00654,1204.0,6868.0,2,1.3,90,suburb_south,good,2,0,5.4,177697.0
PROP00655,2025.0,10468.0,2,1.5,44,suburb_south,fair,1,1,17.1,357360.0
PROP00656,1161.0,3533.0,3,2.4,15,rural,fair,2,0,38.3,156595.0
PROP00657,2789.0,16173.0,5,3.2,61,suburb_south,excellent,2,1,15.1,596097.0
PROP00658,2103.0,4044.0,3,2.0,48,downtown,good,2,1,2.2,541427.0
PROP00659,3054.0,7909.0,5,3.1,67,suburb_north,fair,2,1,14.0,499104.0
PROP00660,1237.0,5432.0,3,2.2,71,riverside,good,0,0,9.7,221051.0
PROP00661,2652.0,13606.0,5,2.3,75,suburb_north,poor,1,1,11.1,356996.0
PROP00662,809.0,4459.0,1,1.4,14,rural,good,3,1,39.0,148950.0
PROP00663,1914.0,5861.0,1,1.0,47,suburb_south,good,1,1,6.6,323585.0
PROP00664,1453.0,5000.0,3,1.8,60,downtown,fair,2,1,1.0,291164.0
PROP00665,1554.0,5766.0,2,1.6,53,suburb_north,good,2,1,13.7,319485.0
PROP00666,1516.0,2901.0,3,2.0,93,rural,good,3,0,25.4,147771.0
PROP00667,1297.0,7041.0,3,2.2,92,rural,excellent,1,1,33.3,152374.0
PROP00668,1107.0,3564.0,3,2.1,77,rural,good,1,1,28.8,132775.0
PROP00669,1557.0,4106.0,4,2.4,23,suburb_north,good,2,1,4.1,430613.0
PROP00670,1864.0,6559.0,4,3.1,50,riverside,good,2,1,12.7,462558.0
PROP00671,2440.0,11674.0,5,3.3,77,suburb_north,fair,2,1,5.3,422281.0
PROP00672,1962.0,10708.0,4,2.6,25,suburb_north,good,1,0,18.0,399485.0
PROP00673,2442.0,6605.0,5,3.3,68,suburb_south,poor,1,0,17.4,340746.0
PROP00674,987.0,2492.0,2,1.2,23,rural,poor,3,1,31.3,137668.0
PROP00675,1562.0,9003.0,2,2.4,13,suburb_north,good,2,0,13.9,335880.0
PROP00676,2191.0,9013.0,5,2.6,23,suburb_south,fair,3,0,6.9,387274.0
PROP00677,1989.0,6636.0,3,2.0,88,suburb_north,good,3,1,8.1,338468.0
PROP00678,1326.0,3497.0,3,1.9,95,suburb_north,good,2,1,,246934.0
PROP00679,2314.0,13838.0,3,1.9,82,downtown,poor,2,1,2.7,462238.0
PROP00680,1508.0,7269.0,3,1.8,26,rural,good,2,0,18.0,191524.0
PROP00681,1372.0,3725.0,1,1.0,74,downtown,good,2,0,3.7,276585.0
PROP00682,2068.0,4515.0,3,2.5,20,suburb_south,good,2,1,7.1,356902.0
PROP00683,1803.0,4754.0,3,1.5,12,suburb_north,excellent,0,1,9.7,419515.0
PROP00684,1512.0,4295.0,3,2.4,24,suburb_south,fair,3,0,10.8,249685.0
PROP00685,1494.0,3386.0,3,2.3,13,suburb_north,excellent,2,1,4.3,349760.0
PROP00686,1212.0,3351.0,1,1.0,61,suburb_north,good,2,1,15.5,236312.0
PROP00687,1582.0,3624.0,3,2.2,65,suburb_south,poor,1,1,17.0,205057.0
PROP00688,2405.0,8144.0,5,2.9,3,suburb_south,good,2,1,9.0,477443.0
PROP00689,1935.0,7434.0,5,2.6,10,rural,fair,2,0,38.3,269443.0
PROP00690,2327.0,8638.0,4,2.1,45,suburb_north,fair,2,1,13.1,451615.0
PROP00691,2084.0,11009.0,3,2.3,10,suburb_south,fair,0,1,11.9,353293.0
PROP00692,1463.0,4194.0,1,1.2,79,rural,excellent,1,0,19.3,170397.0
PROP00693,893.0,4935.0,3,2.1,38,suburb_north,excellent,2,0,10.1,227242.0
PROP00694,1290.0,7242.0,3,1.8,39,rural,excellent,3,1,22.0,248426.0
PROP00695,1431.0,8344.0,2,1.4,0,rural,fair,0,1,27.3,200339.0
PROP00696,1388.0,3553.0,1,1.0,67,riverside,good,1,1,13.7,258629.0
PROP00697,2340.0,6627.0,3,1.3,69,suburb_south,excellent,2,0,5.4,432556.0
PROP00698,2334.0,10317.0,4,2.5,72,riverside,fair,1,0,6.6,508809.0
PROP00699,3017.0,7216.0,5,3.2,51,suburb_south,good,0,1,10.2,511522.0
PROP00700,1380.0,2980.0,1,1.0,25,suburb_south,fair,2,0,8.8,224228.0
PROP00701,2679.0,5651.0,5,3.7,7,rural,good,2,0,20.0,455139.0
PROP00702,2675.0,11625.0,3,1.6,30,suburb_north,good,1,1,5.9,578414.0
PROP00703,1672.0,8660.0,4,2.2,52,riverside,fair,1,1,15.9,380738.0
PROP00704,2060.0,5948.0,3,2.1,11,suburb_south,poor,3,1,11.9,310259.0
PROP00705,2482.0,14199.0,4,2.6,5,downtown,good,2,0,3.1,628867.0
PROP00706,1768.0,9063.0,4,1.7,20,suburb_south,good,2,1,15.7,298438.0
PROP00707,1725.0,3666.0,3,2.2,6,riverside,fair,1,1,15.4,415745.0
PROP00708,1455.0,5108.0,3,2.1,1,suburb_south,fair,2,1,4.7,949644.0
PROP00709,502.0,1047.0,1,1.0,46,riverside,excellent,2,0,,114310.0
PROP00710,1839.0,10379.0,3,2.0,71,suburb_north,good,1,1,7.6,380983.0
PROP00711,1410.0,6937.0,2,1.2,47,rural,good,2,1,32.3,181721.0
PROP00712,1209.0,5662.0,2,1.3,8,suburb_south,good,2,0,13.8,243459.0
PROP00713,2032.0,9484.0,4,2.0,32,riverside,excellent,1,0,3.1,462667.0
PROP00714,1002.0,3004.0,1,1.2,3,suburb_north,fair,2,0,10.7,224737.0
PROP00715,2243.0,12832.0,4,3.2,59,suburb_north,fair,1,1,7.4,428718.0
PROP00716,2066.0,11726.0,3,2.1,22,rural,good,2,0,36.4,285529.0
PROP00717,1580.0,7751.0,1,1.0,37,downtown,excellent,3,1,2.2,446771.0
PROP00718,1765.0,6653.0,3,2.1,86,suburb_north,fair,1,0,15.3,322327.0
PROP00719,1145.0,2288.0,2,1.4,56,riverside,fair,0,1,11.2,195198.0
PROP00720,2213.0,4247.0,3,1.6,73,riverside,fair,0,1,6.2,373839.0
PROP00721,1903.0,4529.0,2,1.6,33,rural,good,3,1,31.7,274359.0
PROP00722,1944.0,8363.0,3,2.4,89,riverside,good,1,1,3.6,366342.0
PROP00723,2076.0,10696.0,4,2.2,68,rural,good,1,1,17.1,255355.0
PROP00724,1447.0,8369.0,2,1.0,49,suburb_south,fair,2,1,10.5,265394.0
PROP00725,965.0,2448.0,1,1.0,55,suburb_south,good,2,1,3.6,187656.0
PROP00726,2327.0,6881.0,4,2.2,59,riverside,poor,2,1,6.7,421946.0
PROP00727,2179.0,4417.0,4,2.4,15,riverside,good,3,1,4.2,547515.0
PROP00728,1506.0,8967.0,3,1.8,24,downtown,fair,0,1,1.6,356987.0
PROP00729,2025.0,10287.0,3,1.7,65,suburb_north,excellent,2,0,13.6,403456.0
PROP00730,2492.0,9517.0,4,2.7,42,suburb_south,good,2,1,4.3,455716.0
PROP00731,2426.0,10231.0,5,3.2,75,riverside,good,1,1,4.6,563955.0
PROP00732,1489.0,6196.0,2,1.6,50,suburb_south,fair,3,1,16.2,258286.0
PROP00733,981.0,2814.0,2,1.8,6,riverside,fair,2,1,6.0,251293.0
PROP00734,1076.0,2775.0,3,1.7,63,riverside,good,1,1,7.6,256628.0
PROP00735,1629.0,4964.0,2,1.1,58,suburb_north,good,0,1,13.3,244611.0
PROP00736,2604.0,7390.0,5,2.8,35,suburb_south,good,0,0,3.9,443685.0
PROP00737,1399.0,5794.0,3,1.8,75,suburb_south,good,3,1,17.2,219128.0
PROP00738,1472.0,,2,1.0,33,suburb_north,good,1,0,3.3,269259.0
PROP00739,1461.0,7103.0,2,1.3,11,suburb_south,excellent,3,0,15.7,375418.0
PROP00740,1508.0,6312.0,3,2.4,11,suburb_south,good,0,1,8.4,271468.0
PROP00741,1794.0,7240.0,3,2.3,86,riverside,excellent,3,0,5.3,390510.0
PROP00742,1096.0,6352.0,1,1.2,36,suburb_south,good,2,0,8.7,215821.0
PROP00743,2396.0,7557.0,4,2.6,39,downtown,fair,0,0,3.9,495650.0
PROP00744,1720.0,7685.0,3,2.6,29,suburb_south,good,0,1,10.9,328059.0
PROP00745,3164.0,5696.0,6,3.1,70,riverside,poor,2,1,3.9,599005.0
PROP00746,1155.0,5654.0,1,1.0,58,suburb_south,fair,0,1,17.1,173008.0
PROP00747,2674.0,10457.0,4,2.9,86,suburb_north,poor,1,0,5.2,362684.0
PROP00748,2565.0,6862.0,5,3.0,85,rural,good,2,0,23.8,314568.0
PROP00749,1574.0,2843.0,2,1.2,95,downtown,good,3,0,0.6,336437.0
PROP00750,1583.0,7550.0,1,1.2,31,suburb_north,poor,2,0,15.4,256203.0
PROP00751,1293.0,5926.0,3,1.8,56,suburb_north,fair,3,0,5.3,248820.0
PROP00752,1300.0,5973.0,2,1.2,33,riverside,fair,2,0,5.7,293310.0
PROP00753,1800.0,6547.0,4,2.2,67,riverside,fair,2,1,17.2,1177786.0
PROP00754,1811.0,8122.0,2,1.6,71,downtown,fair,1,1,1.1,376808.0
PROP00755,919.0,3859.0,1,1.1,24,riverside,fair,2,0,7.3,205496.0
PROP00756,3061.0,8581.0,5,3.6,82,riverside,excellent,2,1,11.8,752951.0
PROP00757,1657.0,6593.0,3,1.9,27,rural,good,2,0,15.8,250604.0
PROP00758,1836.0,7273.0,2,1.4,94,rural,fair,3,1,20.2,170533.0
PROP00759,1456.0,7657.0,1,1.6,81,riverside,fair,2,1,8.0,256010.0
PROP00760,1653.0,5985.0,4,2.9,1,suburb_north,fair,2,1,12.3,348649.0
PROP00761,1603.0,5821.0,3,2.1,38,suburb_north,fair,2,1,14.4,300867.0
PROP00762,1798.0,,4,1.9,37,rural,good,1,0,27.9,271451.0
PROP00763,1792.0,9958.0,4,2.2,78,suburb_south,excellent,1,1,5.2,439113.0
PROP00764,2243.0,6320.0,4,2.1,69,suburb_south,good,3,1,8.3,312465.0
PROP00765,1925.0,10825.0,3,2.0,4,rural,good,1,1,16.7,310420.0
PROP00766,2187.0,5204.0,4,2.3,80,rural,fair,2,1,35.4,244072.0
PROP00767,1795.0,9665.0,4,3.1,20,riverside,good,2,1,14.8,454193.0
PROP00768,1927.0,4952.0,3,1.4,35,rural,excellent,3,1,29.0,312365.0
PROP00769,1667.0,5980.0,4,2.0,16,downtown,poor,2,1,2.1,383569.0
PROP00770,2352.0,13953.0,3,2.1,15,riverside,excellent,0,0,17.5,567785.0
PROP00771,1977.0,4364.0,2,1.7,50,rural,fair,1,0,31.3,216157.0
PROP00772,1713.0,9125.0,3,1.0,8,downtown,good,2,1,3.9,500702.0
PROP00773,1697.0,6581.0,2,1.0,7,suburb_north,fair,1,1,12.1,340752.0
PROP00774,1740.0,3943.0,4,2.4,75,riverside,good,2,0,6.0,369080.0
PROP00775,1817.0,10539.0,4,3.0,33,suburb_south,fair,1,0,4.3,310295.0
PROP00776,1769.0,7265.0,4,3.3,62,downtown,good,0,1,1.3,535763.0
PROP00777,1493.0,8210.0,3,1.8,94,suburb_north,good,3,1,8.4,286946.0
PROP00778,2221.0,12105.0,3,1.9,4,suburb_north,good,3,1,13.6,517439.0
PROP00779,2255.0,4198.0,2,1.2,76,suburb_north,good,2,0,8.4,359366.0
PROP00780,2781.0,8099.0,6,3.8,10,rural,poor,1,0,23.6,327415.0
PROP00781,1468.0,4720.0,1,1.6,73,suburb_south,good,3,1,16.8,241746.0
PROP00782,2167.0,8769.0,5,3.5,29,riverside,fair,2,0,11.8,402544.0
PROP00783,750.0,1576.0,2,1.5,12,downtown,good,3,1,3.6,257825.0
PROP00784,2256.0,7746.0,4,2.2,21,suburb_north,fair,0,1,6.8,396139.0
PROP00785,999.0,5216.0,2,1.5,34,suburb_north,good,1,0,4.9,206657.0
PROP00786,1259.0,3182.0,2,2.1,70,rural,good,2,1,18.3,151789.0
PROP00787,1983.0,9410.0,3,1.8,65,rural,excellent,3,0,34.9,278336.0
PROP00788,1458.0,5443.0,3,1.3,69,suburb_north,good,1,1,17.1,286131.0
PROP00789,1383.0,2900.0,3,1.9,2,rural,fair,1,1,24.1,204360.0
PROP00790,1533.0,3901.0,3,1.9,93,downtown,good,2,1,3.7,304783.0
PROP00791,2201.0,5266.0,3,1.3,41,suburb_north,fair,3,1,3.2,370663.0
PROP00792,1287.0,5666.0,3,2.1,10,riverside,fair,2,0,10.2,305863.0
PROP00793,1770.0,3835.0,1,1.2,89,suburb_north,good,3,1,8.5,265401.0
PROP00794,1592.0,8369.0,3,2.7,76,rural,good,2,0,28.5,203603.0
PROP00795,2251.0,11678.0,4,2.0,7,suburb_north,excellent,3,1,17.9,608004.0
PROP00796,2266.0,4841.0,3,2.3,41,riverside,excellent,2,0,13.8,512778.0
PROP00797,791.0,4375.0,2,1.9,87,suburb_north,fair,0,1,6.8,125193.0
PROP00798,2375.0,13843.0,4,2.7,65,suburb_north,poor,2,0,14.3,345418.0
PROP00799,1464.0,2902.0,2,1.1,18,suburb_north,excellent,2,0,4.9,325811.0
PROP00800,1930.0,11177.0,4,2.1,67,rural,fair,2,0,37.8,224656.0
PROP00801,1284.0,3818.0,1,1.0,18,suburb_south,good,1,0,9.4,222151.0
PROP00802,2004.0,9202.0,4,2.5,33,suburb_south,excellent,2,0,5.9,397598.0
PROP00803,3203.0,8117.0,4,2.3,18,downtown,fair,2,0,0.8,614969.0
PROP00804,1870.0,9786.0,3,2.5,66,downtown,good,1,1,2.1,454260.0
PROP00805,1547.0,8255.0,3,1.8,89,downtown,excellent,3,1,0.6,451877.0
PROP00806,1672.0,9880.0,2,1.0,4,riverside,good,1,0,7.6,428519.0
PROP00807,992.0,5921.0,2,1.4,57,suburb_north,excellent,0,1,5.1,248293.0
PROP00808,2597.0,5502.0,4,2.7,23,suburb_north,good,1,1,15.2,479767.0
PROP00809,1972.0,8999.0,4,2.6,72,suburb_south,fair,2,0,6.2,333990.0
PROP00810,1223.0,3604.0,2,1.6,13,suburb_south,excellent,0,0,4.4,243745.0
PROP00811,1241.0,2888.0,2,2.1,35,suburb_north,good,2,1,13.0,281419.0
PROP00812,1808.0,,3,1.6,19,downtown,excellent,2,1,3.7,605934.0
PROP00813,2313.0,13261.0,3,1.8,83,suburb_north,good,2,1,15.5,431188.0
PROP00814,1167.0,5451.0,2,2.1,7,riverside,good,3,1,11.4,385381.0
PROP00815,2412.0,4853.0,4,1.7,55,suburb_north,fair,3,1,6.7,405815.0
PROP00816,1750.0,10384.0,3,2.0,11,riverside,fair,1,1,10.1,402813.0
PROP00817,1288.0,,3,2.5,57,downtown,excellent,0,1,3.6,338895.0
PROP00818,1543.0,4781.0,3,2.5,73,rural,excellent,1,1,27.9,214806.0
PROP00819,2762.0,10434.0,5,3.3,72,rural,good,2,1,37.2,363030.0
PROP00820,1036.0,5026.0,1,1.3,3,downtown,excellent,1,1,2.9,359541.0
PROP00821,1397.0,6481.0,3,1.6,74,suburb_south,good,2,1,10.0,232939.0
PROP00822,2324.0,8703.0,3,2.5,28,suburb_north,excellent,2,0,14.8,489038.0
PROP00823,1919.0,7584.0,2,1.0,65,riverside,good,2,0,4.0,401591.0
PROP00824,1365.0,2705.0,3,1.5,92,suburb_south,good,1,0,16.8,181572.0
PROP00825,2331.0,9097.0,4,2.7,11,suburb_south,good,1,0,5.8,399864.0
PROP00826,2357.0,7611.0,4,2.3,34,suburb_north,good,1,1,15.5,389086.0
PROP00827,1982.0,5940.0,4,2.6,83,downtown,excellent,2,1,2.1,491948.0
PROP00828,1463.0,4290.0,2,1.7,13,suburb_south,good,2,0,4.6,259402.0
PROP00829,1548.0,7006.0,2,2.2,25,suburb_south,excellent,2,0,8.4,806265.0
PROP00830,1957.0,7051.0,4,2.7,52,riverside,fair,2,0,16.8,377334.0
PROP00831,1078.0,,3,1.8,95,riverside,fair,2,1,15.5,189146.0
PROP00832,2530.0,6246.0,4,2.8,28,suburb_south,good,0,1,13.8,419426.0
PROP00833,2735.0,15972.0,6,3.2,37,suburb_south,good,1,0,8.7,590908.0
PROP00834,1670.0,4577.0,3,2.4,76,rural,excellent,0,0,32.9,183226.0
PROP00835,1996.0,6997.0,2,1.5,11,riverside,fair,0,1,6.5,464913.0
PROP00836,2452.0,6372.0,3,2.2,31,rural,poor,1,1,15.7,267906.0
PROP00837,2876.0,13670.0,3,1.3,30,rural,good,2,1,24.9,372452.0
PROP00838,2656.0,9646.0,4,1.6,38,suburb_north,excellent,0,0,15.4,561190.0
PROP00839,845.0,2989.0,1,1.0,55,riverside,excellent,0,0,13.6,165665.0
PROP00840,1626.0,8903.0,3,2.7,21,suburb_south,excellent,0,1,8.8,339136.0
PROP00841,2075.0,10354.0,3,1.5,37,downtown,good,1,0,2.1,572308.0
PROP00842,1528.0,6087.0,3,2.3,88,suburb_south,excellent,1,1,7.9,229433.0
PROP00843,2781.0,10479.0,5,2.7,79,suburb_north,fair,0,1,5.3,454058.0
PROP00844,2696.0,15722.0,4,2.4,91,suburb_south,excellent,1,0,6.5,491662.0
PROP00845,1351.0,7859.0,2,1.5,65,suburb_north,good,3,1,7.1,308014.0
PROP00846,1711.0,8144.0,4,3.2,55,riverside,good,1,1,6.4,392855.0
PROP00847,1388.0,6930.0,1,1.2,20,suburb_south,good,1,1,13.2,320159.0
PROP00848,1693.0,9440.0,3,2.2,15,suburb_south,good,2,0,14.1,353364.0
PROP00849,1676.0,9805.0,3,2.5,51,downtown,fair,1,1,3.4,320773.0
PROP00850,2325.0,4988.0,4,2.2,38,suburb_south,fair,2,0,17.8,321414.0
PROP00851,1311.0,7851.0,2,1.9,75,downtown,good,1,1,3.3,315020.0
PROP00852,500.0,2376.0,1,1.4,0,suburb_north,excellent,3,1,4.3,192140.0
PROP00853,918.0,3938.0,1,1.4,85,suburb_north,good,3,0,9.9,161316.0
PROP00854,1234.0,4363.0,3,1.9,16,rural,fair,2,1,30.5,173157.0
PROP00855,1439.0,4623.0,2,1.3,37,suburb_north,good,1,1,6.3,264271.0
PROP00856,1903.0,9853.0,4,2.2,34,suburb_south,fair,2,1,8.7,315297.0
PROP00857,1206.0,5486.0,2,1.2,88,rural,fair,1,0,17.9,126618.0
PROP00858,1134.0,2997.0,2,1.1,69,suburb_north,poor,2,1,14.6,136677.0
PROP00859,1289.0,5622.0,2,1.6,3,rural,good,0,1,25.9,214898.0
PROP00860,1186.0,2838.0,2,1.4,81,downtown,fair,2,0,0.8,254854.0
PROP00861,1495.0,5811.0,2,1.7,64,suburb_north,fair,1,0,5.6,240913.0
PROP00862,1471.0,6253.0,2,1.7,6,downtown,fair,2,1,1.2,352247.0
PROP00863,2179.0,9740.0,4,2.1,75,suburb_south,good,1,1,15.0,373693.0
PROP00864,1256.0,3027.0,2,1.1,3,rural,fair,1,1,32.9,164462.0
PROP00865,1603.0,3529.0,3,1.9,40,suburb_south,fair,2,1,3.7,247687.0
PROP00866,1500.0,4330.0,3,1.7,15,suburb_south,good,2,0,5.7,345227.0
PROP00867,2245.0,9765.0,4,2.1,1,suburb_north,good,1,1,14.1,444735.0
PROP00868,1715.0,9798.0,4,3.2,53,rural,excellent,0,1,26.7,235792.0
PROP00869,2378.0,12062.0,4,1.9,65,suburb_south,good,2,0,16.4,402234.0
PROP00870,1166.0,5751.0,4,3.3,46,suburb_north,good,2,1,7.8,279702.0
PROP00871,1773.0,5651.0,3,2.1,32,rural,excellent,2,1,27.7,316676.0
PROP00872,1483.0,3365.0,3,2.4,49,suburb_north,good,2,0,3.4,291540.0
PROP00873,1126.0,6245.0,1,1.3,14,suburb_north,good,2,1,17.0,250005.0
PROP00874,1763.0,6882.0,4,2.7,4,downtown,poor,2,1,0.9,427390.0
PROP00875,2753.0,6118.0,4,3.2,15,downtown,fair,0,1,2.2,636344.0
PROP00876,1331.0,5386.0,2,1.1,5,riverside,fair,2,0,7.3,320295.0
PROP00877,1730.0,8022.0,3,1.9,73,suburb_south,good,2,0,4.2,298719.0
PROP00878,1078.0,3389.0,2,1.2,58,rural,excellent,0,1,20.6,150373.0
PROP00879,997.0,1833.0,1,1.0,17,downtown,fair,2,1,3.3,260339.0
PROP00880,1367.0,6029.0,2,1.2,54,suburb_south,good,1,0,5.3,246728.0
PROP00881,1553.0,3057.0,2,2.2,46,riverside,excellent,0,1,15.4,353289.0
PROP00882,1577.0,5705.0,4,2.4,10,suburb_south,good,2,0,7.0,349549.0
PROP00883,1676.0,8823.0,3,2.8,93,suburb_south,fair,2,1,11.1,286312.0
PROP00884,893.0,5354.0,1,1.8,90,suburb_south,excellent,1,1,6.9,146907.0
PROP00885,1456.0,4885.0,3,3.2,72,suburb_south,fair,2,0,3.8,283904.0
PROP00886,2076.0,3912.0,3,2.8,77,rural,poor,0,1,39.7,175856.0
PROP00887,1053.0,4075.0,2,2.4,52,suburb_north,good,2,1,8.5,218224.0
PROP00888,1605.0,4751.0,3,2.1,77,suburb_south,fair,2,1,9.5,259973.0
PROP00889,1961.0,10883.0,4,2.6,50,suburb_south,excellent,2,1,12.0,425893.0
PROP00890,1370.0,6560.0,4,2.6,15,suburb_north,fair,1,0,7.7,293886.0
PROP00891,1988.0,6954.0,3,2.0,16,downtown,excellent,1,0,0.7,605435.0
PROP00892,963.0,4815.0,2,1.6,81,rural,poor,2,1,21.9,97580.0
PROP00893,2289.0,7400.0,5,3.3,42,suburb_north,excellent,0,1,4.3,602126.0
PROP00894,2001.0,7987.0,3,1.8,70,suburb_north,poor,1,0,8.3,280801.0
PROP00895,1831.0,10392.0,2,1.0,13,suburb_south,excellent,1,1,4.3,371983.0
PROP00896,2419.0,6388.0,4,2.6,42,downtown,poor,2,0,3.8,442714.0
PROP00897,1619.0,5043.0,3,1.7,8,downtown,excellent,0,0,1.3,492496.0
PROP00898,1460.0,8058.0,1,1.0,21,downtown,excellent,2,1,3.3,461916.0
PROP00899,2555.0,9555.0,5,2.9,10,downtown,good,1,1,2.8,683043.0
PROP00900,2812.0,8816.0,4,2.4,19,suburb_north,poor,2,1,16.0,416196.0
PROP00901,1419.0,2776.0,3,2.4,58,riverside,good,3,0,14.4,339512.0
PROP00902,1737.0,6183.0,3,1.9,0,suburb_north,good,1,0,3.1,442560.0
PROP00903,2375.0,9268.0,5,3.5,18,suburb_north,good,2,0,11.6,501278.0
PROP00904,1757.0,6161.0,3,2.1,66,suburb_south,good,2,1,3.2,358886.0
PROP00905,2127.0,6307.0,3,2.0,14,suburb_north,excellent,0,1,4.6,521248.0
PROP00906,2229.0,7468.0,3,2.1,53,suburb_north,excellent,2,0,17.8,532360.0
PROP00907,1491.0,6707.0,3,1.5,83,suburb_north,good,3,1,9.9,291529.0
PROP00908,2031.0,11259.0,3,2.1,74,suburb_north,fair,2,1,3.4,365217.0
PROP00909,1797.0,8138.0,4,2.8,11,suburb_north,fair,3,0,15.8,395147.0
PROP00910,1131.0,5105.0,1,1.4,14,downtown,good,2,0,2.2,311570.0
PROP00911,1256.0,6570.0,3,1.5,67,rural,excellent,2,1,27.2,191174.0
PROP00912,1441.0,3593.0,3,1.4,33,rural,good,1,0,32.3,204022.0
PROP00913,2311.0,7082.0,4,2.3,40,rural,fair,3,0,22.7,313023.0
PROP00914,2329.0,4687.0,5,3.6,45,downtown,good,2,0,2.9,572243.0
PROP00915,2212.0,7230.0,3,2.1,55,riverside,good,1,1,10.4,476349.0
PROP00916,2042.0,12242.0,3,1.7,43,suburb_south,excellent,2,1,15.5,440139.0
PROP00917,2027.0,6452.0,2,1.0,2,downtown,good,2,1,0.6,569281.0
PROP00918,1953.0,10568.0,4,2.2,9,rural,fair,3,0,15.6,304587.0
PROP00919,2024.0,4372.0,2,1.2,0,riverside,fair,2,1,3.1,465615.0
PROP00920,2061.0,7689.0,2,1.9,25,downtown,poor,3,0,2.9,390270.0
PROP00921,1028.0,3368.0,1,1.4,78,rural,good,2,1,17.7,118257.0
PROP00922,1365.0,3613.0,3,1.6,93,downtown,good,2,1,1.9,313268.0
PROP00923,1234.0,4152.0,3,2.3,45,suburb_south,poor,2,1,10.0,209689.0
PROP00924,2409.0,10926.0,4,2.8,2,downtown,fair,0,0,2.6,604219.0
PROP00925,2710.0,10459.0,5,2.5,6,downtown,excellent,0,1,3.5,734272.0
PROP00926,607.0,3245.0,1,1.0,78,rural,excellent,3,0,15.9,79111.0
PROP00927,2661.0,14904.0,5,3.1,32,suburb_south,good,3,0,15.5,449073.0
PROP00928,1848.0,7067.0,4,2.6,84,suburb_north,good,3,1,9.0,316246.0
PROP00929,2357.0,13961.0,4,1.8,48,riverside,excellent,0,0,14.4,556885.0
PROP00930,2079.0,4371.0,3,2.1,84,rural,good,1,0,28.6,256809.0
PROP00931,2592.0,7674.0,5,3.3,13,rural,excellent,3,1,22.8,444228.0
PROP00932,1915.0,6799.0,4,3.1,82,rural,poor,0,1,25.3,217895.0
PROP00933,1050.0,4460.0,2,1.2,52,rural,fair,2,1,29.2,127125.0
PROP00934,1742.0,7130.0,4,2.3,42,suburb_south,poor,1,0,12.3,249755.0
PROP00935,2084.0,8723.0,3,1.9,50,suburb_north,excellent,3,1,3.4,438860.0
PROP00936,1681.0,9354.0,3,2.1,31,rural,good,2,0,19.9,240289.0
PROP00937,2162.0,6412.0,4,2.5,57,downtown,fair,1,1,0.7,432602.0
PROP00938,1764.0,9227.0,3,2.2,73,downtown,excellent,2,0,1.9,404677.0
PROP00939,1472.0,6099.0,4,2.0,77,suburb_north,excellent,0,0,10.6,256590.0
PROP00940,1203.0,4644.0,2,1.7,93,suburb_north,fair,2,1,13.8,187164.0
PROP00941,1585.0,4846.0,2,1.2,39,suburb_south,good,2,0,13.9,255505.0
PROP00942,1913.0,5886.0,3,1.9,73,rural,good,2,1,27.1,229415.0
PROP00943,722.0,2478.0,2,2.2,85,suburb_south,poor,1,0,16.5,80675.0
PROP00944,1371.0,6864.0,3,1.4,1,suburb_south,good,1,0,15.4,242342.0
PROP00945,702.0,2669.0,2,1.4,45,suburb_north,fair,0,0,7.1,129603.0
PROP00946,1461.0,3574.0,1,1.0,67,riverside,excellent,3,0,10.3,344665.0
PROP00947,2459.0,12274.0,2,1.6,43,downtown,excellent,1,0,1.9,684108.0
PROP00948,1148.0,5265.0,3,2.4,9,downtown,excellent,2,0,2.8,418314.0
PROP00949,2187.0,12656.0,4,2.6,62,suburb_south,good,1,0,8.7,375544.0
PROP00950,3367.0,13547.0,5,3.0,38,suburb_south,fair,3,1,8.9,532006.0
PROP00951,2599.0,11822.0,5,3.5,59,suburb_north,good,2,1,16.7,1490370.0
PROP00952,1873.0,7142.0,4,2.6,0,suburb_north,good,0,0,12.0,452489.0
PROP00953,2272.0,10586.0,5,3.3,1,downtown,fair,2,0,1.9,593635.0
PROP00954,1047.0,3802.0,2,1.8,57,suburb_south,good,2,0,12.4,180641.0
PROP00955,935.0,2224.0,1,1.0,94,suburb_north,fair,2,0,14.9,120029.0
PROP00956,1816.0,10794.0,2,1.5,61,suburb_north,fair,3,1,8.1,333202.0
PROP00957,2019.0,9743.0,2,1.1,90,rural,good,2,0,30.3,227012.0
PROP00958,2402.0,10464.0,4,2.2,81,riverside,good,2,1,12.4,488086.0
PROP00959,1487.0,5683.0,3,2.6,27,suburb_north,good,2,1,10.7,323169.0
PROP00960,1906.0,9126.0,4,2.4,9,suburb_south,good,1,0,18.0,392299.0
PROP00961,1888.0,4404.0,4,3.3,53,downtown,good,2,0,3.6,392087.0
PROP00962,1728.0,5477.0,3,1.4,59,suburb_north,good,2,0,12.7,324783.0
PROP00963,1760.0,4090.0,2,1.1,73,riverside,good,1,0,14.9,306013.0
PROP00964,1330.0,3098.0,2,1.8,50,downtown,good,2,1,1.9,289018.0
PROP00965,1954.0,3692.0,3,1.9,88,suburb_north,good,0,0,3.7,290489.0
PROP00966,1907.0,9487.0,2,1.6,81,rural,good,1,0,32.6,210405.0
PROP00967,1558.0,4292.0,4,2.5,56,riverside,poor,3,0,14.0,283939.0
PROP00968,2166.0,11468.0,3,1.9,52,rural,good,0,1,35.7,288322.0
PROP00969,2365.0,13241.0,4,2.4,1,rural,fair,2,0,28.9,345616.0
PROP00970,2173.0,5450.0,2,1.6,74,suburb_north,excellent,1,1,5.5,371664.0
PROP00971,1227.0,5862.0,2,1.8,65,suburb_south,excellent,2,0,3.1,250139.0
PROP00972,1855.0,6925.0,3,2.6,86,suburb_north,good,3,0,8.9,355089.0
PROP00973,1299.0,7352.0,2,1.4,8,suburb_south,excellent,2,1,11.3,319513.0
PROP00974,1853.0,7105.0,2,1.3,14,suburb_north,good,2,1,5.4,412988.0
PROP00975,1301.0,4412.0,2,1.3,64,downtown,fair,1,0,3.0,223491.0
PROP00976,2502.0,7599.0,4,3.1,46,downtown,good,1,1,3.6,557744.0
PROP00977,2231.0,12483.0,4,2.8,56,riverside,excellent,2,0,17.9,601441.0
PROP00978,2434.0,6693.0,5,2.2,41,downtown,poor,2,0,1.4,461795.0
PROP00979,2378.0,12547.0,4,1.7,61,suburb_south,fair,2,0,9.7,437971.0
PROP00980,1651.0,4318.0,3,1.7,63,rural,good,2,1,22.5,193905.0
PROP00981,1566.0,7051.0,2,1.6,18,riverside,good,1,1,10.5,427795.0
PROP00982,2758.0,10189.0,4,2.5,72,suburb_north,good,1,1,5.3,481975.0
PROP00983,1709.0,3827.0,3,2.2,47,suburb_north,good,3,1,15.8,367190.0
PROP00984,1055.0,2457.0,3,1.9,55,rural,good,2,1,22.1,147596.0
PROP00985,2354.0,7020.0,4,3.1,59,suburb_south,poor,2,1,12.6,332209.0
PROP00986,1879.0,9432.0,3,2.3,71,suburb_north,good,2,0,6.3,368708.0
PROP00987,2628.0,12776.0,4,2.5,28,rural,excellent,3,1,23.3,410261.0
PROP00988,1934.0,5147.0,1,1.5,0,suburb_north,good,2,1,16.1,426568.0
PROP00989,1789.0,6798.0,2,1.0,17,suburb_north,good,1,0,5.7,350134.0
PROP00990,2639.0,5825.0,6,3.5,92,downtown,poor,3,0,1.1,487281.0
PROP00991,954.0,4586.0,2,1.6,21,downtown,fair,1,1,2.2,212755.0
PROP00992,1478.0,7585.0,4,2.7,23,suburb_north,good,1,0,13.6,313899.0
PROP00993,1312.0,7285.0,2,1.0,82,suburb_south,good,2,0,4.8,228703.0
PROP00994,593.0,3273.0,1,1.0,22,suburb_north,good,1,1,6.1,169021.0
PROP00995,2280.0,7340.0,3,2.2,44,suburb_south,good,1,1,14.8,418397.0
PROP00996,1493.0,4283.0,3,2.2,35,riverside,excellent,2,0,16.9,381619.0
PROP00997,2298.0,12790.0,4,3.0,63,rural,excellent,3,0,21.1,403747.0
PROP00998,2014.0,4860.0,3,2.3,57,downtown,fair,0,1,3.0,434593.0
PROP00999,2134.0,4373.0,3,2.0,49,riverside,poor,2,1,7.8,353388.0
PROP01000,1550.0,4836.0,3,2.3,48,downtown,excellent,2,1,2.1,484420.0
